:020000040800F2
:1000000000070020F10200088DAD000845AD000892
:100010006DAD000845AD000865AD0008F3020008AD
:10002000F3020008F3020008F30200084DEA00089A
:10003000F3020008F3020008F3020008F3020008CC
:10004000F3020008F3020008F3020008F3020008BC
:10005000F3020008F3020008F3020008F3020008AC
:10006000F3020008F3020008F302000865C9000863
:100070008DC90008B9C90008E5C9000811CA0008FF
:1000800039CA000865CA0008F3020008F302000834
:10009000F3020008F3020008F3020008F30200086C
:1000A000F3020008F3020008F3020008F30200085C
:1000B000F3020008F3020008F3020008F30200084C
:1000C000F3020008F3020008F3020008F30200083C
:1000D000F3020008F3020008F302000815F4000818
:1000E000F3020008F3020008F3020008F30200081C
:1000F000F3020008F3020008F302000891CA0008A6
:10010000F3020008F302000851F40008F3020008AB
:10011000F302000829F40008F3020008F3020008C3
:10012000BDCA0008E5CA000811CB00083DCB000895
:1001300069CB000875CE0008F3020008F30200083E
:10014000F3020008F3020008F3020008F3020008BB
:1001500091CB0008BDCB0008E9CB0008F3020008F2
:10016000F3020008F3020008F3020008F30200089B
:10017000F3020008F3020008F3020008F30200088B
:10018000F3020008F30200083DF40008F30200083F
:10019000F3020008F3020008F3020008F30200086B
:1001A000F3020008F3020008F3020008F30200085B
:1001B000F3020008F3020008F3020008F30200084B
:1001C000F3020008F3020008F3020008F30200083B
:1001D000F3020008F3020008F3020008F30200082B
:1001E000F3020008F3020008F3020008F30200081B
:1001F000F3020008F3020008F3020008F30200080B
:10020000F3020008F3020008F3020008F3020008FA
:10021000F3020008F3020008F3020008F3020008EA
:10022000F3020008F3020008F3020008F3020008DA
:10023000F3020008F3020008F3020008F3020008CA
:10024000F3020008F3020008F3020008F3020008BA
:10025000F3020008F3020008F3020008F3020008AA
:10026000F3020008F3020008F3020008F30200089A
:10027000F3020008F3020008F3020008F30200088A
:10028000F3020008F3020008F3020008F30200087A
:10029000F3020008F3020008F3020008F30200086A
:1002A000F3020008F3020008F3020008F30200085A
:1002B000F3020008F3020008F3020008F30200084A
:1002C000F3020008F3020008F3020008F30200083A
:1002D000F3020008F3020008F3020008F30200082A
:1002E0006905000841AB0008FFFFFFFFFFFFFFFFAC
:1002F00002E000F000F8FEE772B6374880F30888A5
:10030000364880F3098836483649086040F20000D4
:10031000CCF200004EF63471CEF200010860BFF35B
:100320004F8FBFF36F8F40F20000C0F2F0004EF627
:100330008851CEF200010860BFF34F8FBFF36F8F7B
:100340004FF00000E1EE100A4EF63C71CEF20001D3
:100350000860022080F31488BFF36F8F0EF0D8FB83
:100360000EF012FE4FF055301F491B4A91423CBF20
:1003700041F8040BFAE71D49184A91423CBF41F885
:10038000040BFAE71A491B4A1B4B9A423EBF51F82D
:10039000040B42F8040BF8E700201849184A914270
:1003A0003CBF41F8040BFAE70EF0F0FB0EF070FED4
:1003B000144C154DAC4203DA54F8041B8847F9E796
:1003C00000F094F8114C124DAC4203DA54F8041BBF
:1003D0008847F9E70EF0D8BB000700200023002073
:1003E0000000000808ED00E00001002000070020E8
:1003F000601F010800230020BC230020C023002030
:1004000068410020E0020008E8020008E802000855
:10041000E80200082DE9F04F2DED108AC1F80CD04C
:10042000D0F80CD0BDEC108ABDE8F08F002383F328
:1004300011882846A04700200DF04AFEFEE70DF087
:1004400017FD00DFFEE7000001F0FF01102A2BDBA3
:1004500010F0070F08D010F8013B013A8B422DD065
:1004600010F0070F42B3F6D1F0B441EA012141EA9E
:10047000014122F007047FF000070023F0E8025654
:10048000083C85EA010586EA010685FA47F5A3FAE4
:1004900087F586FA47F6A5FA87F68EB9EED1F0BC55
:1004A00001F0FF0102F0070232B110F8013B013AFE
:1004B00083EA010313B1F8D1002070470138704777
:1004C000002D06BF35460338073815F0010F07D158
:1004D000013015F4807F02BF013015F4C03F0130B8
:1004E000F0BC0138704700BF7047000038B501F01C
:1004F00051F801F0EDF9194800F036FE0EF04EFA11
:1005000004460EF095FA054618BB154B9C4222D0C6
:1005100001339C4241F2883412BF05460024012574
:1005200001F084FA20B10024032000F083F825466E
:1005300000200EF03DFA0DB100F092F801F09AF9AA
:10054000064800F0EBFD204600F028F900F088F89E
:10055000F9E70024E4E7034CE2E700BFC0230020F2
:10056000010007B0C027090010B5084C04F10800CD
:100570000AF0CEFB04F134000AF0CAFB2046044A1C
:100580000449BDE810400EF093BF00BFC023002017
:10059000902F0020E904000808B500F0C7FFA0F183
:1005A00020035842584108BD07B5042101900DEBC6
:1005B000010000F0D9FF03B05DF804FB38B530232B
:1005C00083F31188174803680BB10DF04DFE00232B
:1005D000154A4FF47A7113480DF03CFE002383F363
:1005E0001188124C236813B12368013B23606368B0
:1005F00013B16368013B63600D4D2B7833B96368B9
:100600007BB9022001F08CF8322363602B78032B36
:1006100007D163682BB9022001F082F84FF47A7396
:10062000636038BD0C250020BD0500082C26002085
:1006300024250020084B187003280CD8DFE800F0B0
:1006400008050208022001F05DB8022001F04AB856
:10065000024B00225A607047242500202C260020DF
:10066000F8B501F0E3F930B1444B03221A700022CF
:10067000434B5A60F8BD434B434A1C46196801314D
:10068000F8D004339342F9D16268404B9A42F1D9D1
:100690003F4B9B6803F1006303F500339A42E9D2B4
:1006A000002000F091FF0220FFF7C4FF394B00212A
:1006B000D3F8E820C3F8E810D3F81021C3F81011DC
:1006C000D3F81021D3F8EC20C3F8EC10D3F81421A0
:1006D000C3F81411D3F81421D3F8F020C3F8F010A4
:1006E000D3F81821C3F81811D3F8183172B64FF0A7
:1006F000E023C3F8084DD4E90004BFF34F8FBFF3E4
:100700006F8F254AC2F88410BFF34F8F536923F4CB
:1007100080335361BFF34F8FD2F8803043F6E076D9
:10072000C3F3C905C3F34E335B0103EA060C294644
:100730004CEA81770139C2F87472F9D2203B13F187
:10074000200FF2D1BFF34F8FBFF36F8FBFF34F8FE7
:10075000BFF36F8F536923F4003353610023C2F852
:100760005032BFF34F8FBFF36F8F302383F3118865
:10077000854680F3088820477CE700BF24250020B9
:100780002C2600200000020820000208FFFF0108BC
:10079000002300200044025800ED00E02DE9F04F56
:1007A00095B0DFF8D8922022FF21029004A8D9F852
:1007B000085001F009F8A84A1378A3B90121A74805
:1007C00011700360302383F3118803680BB10DF0BF
:1007D0004BFD0023A24A4FF47A71A0480DF03AFD78
:1007E000002383F31188029B13B19E4B029A1A6077
:1007F0009D4A1378032B03D000231370994A53604A
:100800004FF0000B029C5E46DA46CDF804B00120A2
:1008100000F078FF24B1934B1B68002B00F0288276
:10082000002000F083FEB0F10008F3DB012000F0AF
:1008300059FFA8F121031F2BE9D801A252F823F098
:10084000C1080008DD0800086B0900080F0800084F
:100850000F0800080F080008F5090008E70B00085A
:10086000D90A0008350B00085B0B0008810B000853
:100870000F080008930B0008B70B00082F0C0008A6
:10088000490900080F080008770C0008CD08000887
:10089000490900080F080008350B00080F08000878
:1008A0000F0800080F0800080F0800080F080008CC
:1008B0000F0800080F0800080F0800086B0900085F
:1008C0000220FFF769FE002840F0FF81029B022111
:1008D0006648BBF1000F08BF1C4640E04FF47A7039
:1008E00000F024FE071EF1DB0220FFF755FE002872
:1008F000ECD0013F052F00F2EA81DFE807F00307A3
:100900000A0D10330520FFF74FFE14E0D9F8000060
:10091000F9E7D9F80400F6E7D9F80800F3E74FF053
:100920001C08404608F1040800F050FEFFF73CFEAA
:10093000B8F12C0FF5D10120019B4FF0000A00FA0D
:1009400007F71F43FBB2019300F08AFF2EB1019B12
:1009500003F00B030B2B08BF00240221444800F0D6
:1009600003FE54E7D9F80C00CDE7002EAED0019B72
:1009700003F00B030B2BA9D10220FFF70DFE074656
:100980000028A3D00120002600F01EFE0220FFF761
:1009900051FE1FFA86FB584600F026FE044688B139
:1009A000A8F14002584601365142514100F02CFE58
:1009B0000028EED1BB46044602212E483E4600F0F8
:1009C000D3FD24E725460120FFF734FED9F808308F
:1009D000AB4207D9284600F0F9FD013040F07A819A
:1009E0000435F3E70025204BBB463E461D701D4BEA
:1009F0005D60A9E7002E3FF469AF019B03F00B0394
:100A00000B2B7FF463AF0220FFF714FE322000F0BF
:100A10008DFDB0F10008FFF659AF18F003077FF421
:100A200055AF08EB0503D9F8082093423FF64EAFC7
:100A3000B8F5807F3FF74AAF0F4BB84503931FDDF2
:100A40004FF47A7000F072FD0028FFF63FAF039B71
:100A5000013703F8010BF0E7282600200C250020C1
:100A6000BD0500082C26002024250020C40601080E
:100A7000BC060108C006010828250020002300202C
:100A8000C820FFF789FD074600283FF41FAF1F2D40
:100A900011D8C5F1200204AB25F003008F4942456F
:100AA000184428BF4246039200F05CFE039AFF21DF
:100AB0008A4800F089FE4FEAA803C8F387028749F5
:100AC0002846039300F088FE064600283FF474AFE2
:100AD000039B05EB830537E70220FFF75DFD002848
:100AE0003FF4F4AE00F0AEFD00283FF4EFAE002777
:100AF000B846D9F80830BB4218D91F2F11D8049B2B
:100B000001330ED027F0030314AA134453F8403CDA
:100B10000C93404604220CA9043700F071FF804674
:100B2000E7E7384600F052FD0C90F2E74046FFF749
:100B30003BFD09E7002364210CA80C9300F00AFD9B
:100B400000287FF4C3AE0220FFF726FD00283FF403
:100B5000BDAE0C9800F06CFDE9E7002364210CA801
:100B60000C9300F0F7FC00287FF4B0AE0220FFF7F2
:100B700013FD00283FF4AAAE0C9800F05BFDD6E709
:100B80000220FFF709FD00283FF4A0AE00F06AFD47
:100B9000CDE70220FFF700FD00283FF497AE0CA937
:100BA000142000F065FD0390FFF7FEFC03990CA8EC
:100BB00000F0DAFCC8E60220FFF7EEFC00283FF464
:100BC00085AE474B0CAF03F1100C1868083353F88F
:100BD000041C3A46634503C21746F6D11020FFF7BE
:100BE000E3FC1021E3E7322000F0A0FC071EFFF633
:100BF0006DAEBB077FF46AAE07EB0A03D9F8082095
:100C000093423FF663AE0220FFF7C6FC00283FF494
:100C10005DAE27F003075744BA453FF495AE504602
:100C20000AF1040A00F0D2FCFFF7BEFCF4E74FF42F
:100C30007A70FFF7B1FC00283FF448AE00F002FDE7
:100C4000002849D0049B01330BD0082204A90020BE
:100C500000F0C2FD00283FD02022FF2104A800F0B0
:100C6000B3FD2048022100F07FFC1F480DF036FA4A
:100C700015B0BDE8F08F002E3FF428AE019B03F0C5
:100C80000B030B2B7FF422AE002364210CA80C93E2
:100C900000F060FC074600287FF418AE0220FFF742
:100CA0007BFC804600283FF411AE02210D4800F085
:100CB0005BFC41F288300DF011FA0C9800F0EEFD6B
:100CC00046463C4600F0CCFDA1E506463CE64FF02A
:100CD000000AFBE5BB466FE637466DE62825002097
:100CE000A8060108BC060108A0860100064A0023E8
:100CF0000261064A0362426140F2DC528286044A83
:100D0000C2631846704700BFD97E0008250D000851
:100D1000062A6D73006806F0AFBC0000006806F09C
:100D2000FDBD00001FB50C464CF2503201A90A4827
:100D30000CF0E8FC68B934B1628901A861680CF074
:100D4000F3FA2468F7E701A80CF04AFA204604B049
:100D500010BD6FF00200FAE73430002030B585B0E6
:100D60000D4600220E4801A90CF0E4FCA8B94FF48E
:100D7000C172BDF8081001F09BFB0446286034B135
:100D8000628901A861680CF0E5FA2468F7E701A818
:100D90000CF080FA012005B030BD0020FBE700BF59
:100DA0003430002000212DE9F04104469EB0084671
:100DB00009F09AFC642000F0C5FC21684F483631E8
:100DC00001F018F8606A48BB4D4800F0D7FF01F009
:100DD000B3F807904B4800F0D1FF01F0ADF8089050
:100DE000494800F0CBFF01F0A7F8099023680AA951
:100DF000464836330A930CF077FC454B09AA07A9FD
:100E000020680293434B01930023009308AB08F042
:100E100079FA024670B1404809F0BAFF01F08CF847
:100E20000790E06A01F088F80990A06A01F084F860
:100E30000890DBE739490590206808F085FA059AA3
:100E40003749206808F080FA364916A82F4E09F075
:100E5000ABFE16A809F0B0FE4FF0FF3301220CA93B
:100E60001CA8314F0CF03CFE022311A92F481A4652
:100E7000DFF8C4800CF034FE03200CF045FE4FF088
:100E8000FF300CF079FEC207054611D530460CF054
:100E900069FC216891F83D30C3F38003984207D084
:100EA00030B3234809F0E4FB2146224809F0E0FB77
:100EB000AB07E4D540F606050BA92068FFF74EFF07
:100EC0000028DCD00B9B002BF6D05B68988901F0E2
:100ED0002FF8B0F5006F01D0A84205D121680B981A
:100EE000CB6898470028E7D00B9801F097FAE3E722
:100EF000384609F0BDFB21464046D7E7C806010841
:100F0000DA060108E4060108ED0601083430002085
:100F100055A60008ED0C0008FB060108D11F0008CB
:100F200011220008404B4C00A12200084C30002048
:100F300055220008150D00081D0D000808B5FFF723
:100F400031FF00002DE9F74F8046009100F034FC9E
:100F500000F580600DF028FC054600284AD00446C4
:100F6000C14699F900B0BBF1000F41D0A9EB0803CD
:100F7000009A93423CD2BBF17B0F09F1010703D0E9
:100F800004F801BBB946ECE77D2138460EF01EFBA4
:100F900006460028F4D0A0EB09024FF0030BDFF85F
:100FA0005C9002F1FF3AD9F800301846019300F046
:100FB00003FC5045019B11D152463946184600F0BA
:100FC000DBFB58B9D9F80470204639460EF00CFB0B
:100FD000384600F0F1FB771C0444D3E7BBF1010B6A
:100FE00009F10809DFD14FF07B0304F8013BC9E7A1
:100FF00000232370284603B0BDE8F08F10230020A3
:10100000F7B54FF480600E460E4F0DF0CDFB044651
:101010000546642301220DF10701304600F018FE59
:1010200001280CD19DF8073005F8013B2B1B032B41
:10103000EFDD3946281F00F0B3FB0028E9D1204638
:1010400003B0F0BD1F0801082DE9FF410446202030
:1010500009F0F0FD054610B1002100F08BFD502293
:1010600027492846274FDFF8A88000F0ABFE14215F
:10107000284600F045FE1421284600F04DFE94F865
:10108000303006467BB1002384F83030BFF34F8FF9
:101090001D491E4BCA6802F4E0621343CB60BFF3E4
:1010A0004F8F00BFFDE794F831203AB14FF47A70CA
:1010B00084F8313000F046FBFFF7D2FA002EDAD088
:1010C000082009F0B7FD3C2241463B46C0E90046F6
:1010D000009040F6F8100DF0ABFB40F2592204F1FD
:1010E000080103A800F020FD206A20B1C36B236231
:1010F0000CF0ACFFF8E703A800F020FDBBE700BF51
:10110000180701088514000800ED00E00400FA0546
:101110002007010808B5FFF797FF000013B5044644
:1011200000F0A0FE0CF0CAFA4C2009F083FD0A4B37
:1011300020603C22094940F6F81000940DF078FB3D
:10114000074B3C220749606040F6F81000940DF010
:101150006FFB02B010BD00BF3D0F00082C07010857
:1011600015110008340701084FF00053054A1968AB
:10117000914206D15A6822B142629A68C262DB6823
:10118000836270479AAD44C50EB477B507AD044687
:1011900000F134014FF4237255F8046B684600F0F7
:1011A000C3FC4FF480712B46324604F14C0001958C
:1011B00009F0C6FD684600F0C1FC03B0BDE8704010
:1011C00003B070472DE9F04F0746ADF5037D884623
:1011D000144600256423012202A9404600F038FD90
:1011E000012840F0A8809DF90830013C0D2B04D166
:1011F000022D0CBF03250125ECE70A2BE9D105F0F0
:10120000FD06012EE5D10135EDB2042DE2D14E49A6
:101210003846FFF7B9FF3046002600F0D5F93046D2
:1012200000F0E2F990B10021304600F0EDF968B12C
:1012300001360A2000F086FA30460DF033F90546F3
:1012400000200DF02FF9281AA042E8D324F003045F
:101250004FF000094FF0640BDFF8FCA0B4F5001F5D
:101260004E4628BF4FF40014A6423ED2A21B42F2C3
:10127000107302A94046B2F5007F28BF4FF40072F8
:10128000019200F0E5FC051E2FDD15F003010ED0E4
:10129000019A95420BD2C1F1040202A942F21073E5
:1012A0004046294400F0D4FC0028C8BF2D18304621
:1012B0002E44C5F3870202A90BFB06F500F08CFA59
:1012C0000A22B5FBF4F5EDB2B5FBF2F302FB1353C2
:1012D000DBB23BB9A94506D02A4651463846FFF74E
:1012E00053FF00E04D46A946BEE716F01F040DD09F
:1012F0004FF40072FF2102A800F066FAC4F1200248
:1013000002A93046C2F3870200F066FA00F09AF9AB
:10131000002000F059F900F089FB024678B901235A
:101320000A49384687F83130FFF72EFF6622084910
:10133000404600F057FC0DF5037DBDE8F08F0549F0
:101340003846FFF721FFF6E7400701085A07010872
:1013500069070108D00701084C070108F0B50C46E1
:1013600085B00646FFF74CFE05463F223D49204624
:1013700000F038FC07223C49284600F0FDF9F8B996
:101380003A4928460EF04CF920B9394928460EF062
:1013900047F9A8B111300EF091F8214602463046C7
:1013A000FFF710FF284609F04BFC002C49D02046DF
:1013B00000F0F4FB204605B0BDE8F04009F040BC69
:1013C0001B222C49284600F0D7F9A8B94FF4027225
:1013D00006F1340103A800F0A7FB06F14C01084612
:1013E000019100F0E9F901990246204600F0FAFB6C
:1013F00003A800F0A3FBD5E70B221F49284600F005
:10140000BBF910B9012386F83030002303A91B482B
:10141000039309F003FC96F8303007469BB148224D
:101420001749204600F0DEFB284609F009FC2CB1E4
:10143000204600F0B3FB204609F002FC384609F0D4
:10144000F7FB05B0F0BD0399FFF77CFD064600F001
:10145000B3F902463146204600F0C4FB304609F09D
:10146000EFFBE1E7E4070108240801082C08010864
:101470003E080108500801086C08010878080108B6
:101480008308010873B50446D0E90001FFF766FF41
:1014900025680A4B2046DE6809F0D2FB40F2322272
:1014A00005F1080101A800F03FFB2B6A01A8F363D6
:1014B0002E6200F043FB02B070BD00BF903D0020E3
:1014C0002DE9F84F4FF47A7306460D46002402FBCF
:1014D00003F7DFF85080DFF8509098F900305FFA9A
:1014E00084FA5A1C01D0A34210D159F824002A468C
:1014F00031460368D3F820B03B46D847854205D132
:10150000074B012083F800A0BDE8F88F0134032CBD
:10151000E3D14FF4FA700CF0E1FD0020F4E700BFD6
:1015200078260020282300202C230020002307B544
:10153000024601210DF107008DF80730FFF7C0FFCB
:1015400020B19DF8070003B05DF804FB4FF0FF30B9
:10155000F9E700000A46042108B5FFF7B1FF80F063
:101560000100C0B2404208BD074B0A4630B41978AA
:10157000064B53F82140014623682046DD69044BA1
:10158000AC4630BC604700BF782600202C230020EA
:10159000A086010070B50A4E00240A4D0CF08EFFA3
:1015A000308028683388834208D90CF083FF2B6889
:1015B00004440133B4F5003F2B60F2D370BD00BF8B
:1015C0007A260020342600200DF052B800F1006089
:1015D00000F500300068704700F10060920000F5EF
:1015E00000300CF0C7BF0000054B1A68054B1B8884
:1015F0009B1A834202D910440CF05CBF0020704754
:10160000342600207A26002038B50446074D29B13B
:1016100028682044BDE838400CF064BF28682044A6
:101620000CF04EFF0028F3D038BD00BF3426002058
:101630000020704700F1FF5000F58F10D0F800082F
:1016400070470000064991F8243033B10023082286
:10165000086A81F82430FFF7BFBF0120704700BF40
:1016600038260020014B1868704700BF0010005C4E
:10167000194B01380322084470B51D68174BC5F398
:101680000B042D0C1E88A6420BD15C680A46013C57
:10169000824213460FD214F9016F4EB102F8016B6A
:1016A000F6E7013A03F10803ECD181420B4602D27E
:1016B0002C2203F8012B0424094A1688AE4204D1D7
:1016C000984284BF967803F8016B013C02F1040252
:1016D000F3D1581A70BD00BF0010005C3823002001
:1016E00030090108022804D1054B4FF400129A6119
:1016F00070470128FCD1024B4FF48012F7E700BF7E
:1017000000100258022803D1044B20229A6170472E
:101710000128FCD1014B1022F8E700BF001002584D
:10172000022805D1064A536983F0200353617047AC
:101730000128FCD1024A536983F01003F6E700BF89
:101740000010025870B504464FF47A764CB1412C23
:10175000254628BF412506FB05F0641B0CF0BEFCA6
:10176000F4E770BD002310B5934203D0CC5CC454A1
:101770000133F9E710BD0000013810B510F9013F41
:101780003BB191F900409C4203D11AB10131013AB9
:10179000F4E71AB191F90020981A10BD1046FCE741
:1017A0000138013910F9013F11F9012F0BB19342B2
:1017B000F8D0981A7047000003460246D01A12F972
:1017C000011B0029FAD1704702440346934202D01C
:1017D00003F8011BFAE770472DE9F8431F4D144643
:1017E0000746884695F8242052BBDFF870909CB3DA
:1017F00095F824302BB92022FF2148462F62FFF7AD
:10180000E3FF95F824004146C0F1080205EB800093
:10181000A24228BF2246D6B29200FFF7A3FF95F856
:101820002430A41B17441E449044E4B2F6B2082EA0
:1018300085F82460DBD1FFF705FF0028D7D108E049
:101840002B6A03EB82038342CFD0FFF7FBFE002815
:10185000CBD10020BDE8F8830120FBE7382600202B
:10186000024B1A78024B1A70704700BF782600208E
:101870002823002070B54FF4E133064E0324064DB3
:101880003360314655F8040B0CF004F9013CF8D1F3
:1018900070BD00BF602600202C230020094B1822B9
:1018A000002110B504461846FFF78EFF064A074B85
:1018B00001461278046053F82200BDE810400CF095
:1018C000E9B800BF60260020782600202C230020E5
:1018D0002DE9F04771B6464B01201D68454BB3F822
:1018E000008000231A4619460BF026FA0446802091
:1018F0000CF05EFF0746002862D0002C60D03E4E00
:10190000ADB24FF0800A7369284643F0C06373613B
:10191000D6F8143143F0C063C6F814310CF0CAFD98
:1019200005EB080200FB05F34FF4D06C50434FF079
:101930003D0E984233D93269520144D4D6F8102171
:10194000510140D4216803F100628A602268D760A7
:101950002268C2F804A02268C2F800C0D4F800903F
:10196000D9F8002042F00102C9F80020D4F8009014
:10197000D9F8002022F01E02C9F80020D4F8009007
:10198000D9F80020D207FBD494F80C90803361681A
:101990000EFA09F20A60CCE700200CF069FE20463E
:1019A0000BF00AFA38460CF03FFF134B5A6942F02D
:1019B000C0625A61D3F8142142F0C062C3F8142106
:1019C00061B6BDE8F0870D4B9A6A42F400729A62E4
:1019D0009A6A42F400429A6261B6002601200CF035
:1019E00047FEB045D8D9A81901360CF07BFDF8E7C1
:1019F000342600207A2600200020005200ED00E06E
:101A000030B50A44084D91420DD011F8013B5840C1
:101A1000082340F30004013B2C4013F0FF0384EA49
:101A20005000F6D1EFE730BD2083B8EDF7B5384A66
:101A30006B46106851686A4603C308233549364827
:101A40000DF064FD0446002833D10A25334A6B4665
:101A5000106851686A4603C3082331492E480DF0C7
:101A600055FD0446002849D00369B3F5F01F45D859
:101A7000B0F8661041F6583291423FD1294A0244EB
:101A800002F15C018B4239D35C3B234900209E1A52
:101A9000FFF7B6FF04F16401074632460020FFF766
:101AA000AFFFA3689F4229D1E368984208BF002591
:101AB00024E00369B3F5F01F27D8418B41F6583273
:101AC000914220D1174A024402F110018B4218D3EF
:101AD000103B114900209D1AFFF792FF04F11801F5
:101AE00006462A460020FFF78BFFA3689E4202D1DC
:101AF000E368984201D00D25A8E70025284603B0E9
:101B0000F0BD1025A2E70C25A0E70B259EE700BF3E
:101B100040090108DCFF1D00000002084909010816
:101B200090FF1D000800FEF710B50B68044608463C
:101B30009B6821609847204610BD000010B5044600
:101B400000680368DB689847204610BD1FB504464F
:101B50004FF0FF33104621706261A36139B904234D
:101B600001220621009303AB039208F007FB2046F5
:101B700004B010BD38B50D1E04464FF000024FF002
:101B8000020014BF0221012108F062F92946024631
:101B90002046FFF7DBFF204638BD000010B50446A5
:101BA0004069421C01D007F0BDFFA069431C01D071
:101BB00007F0B8FF204610BD1FB54069431C0ED08A
:101BC0000123042240F6FF71039303AB009208F057
:101BD000D5FA013018BF012005B05DF804FB0020E4
:101BE000FAE700004069431C02D0202308F0F2B855
:101BF0007047000010B5846988B00023621CCDE9ED
:101C0000023302D14469621C20D008AA630904F09F
:101C10001F0002EB83030122824043F8182C4FF48B
:101C20007A720023B1FBF2F002FB1011514304AAB7
:101C3000CDE904030691601C009202A91A4608F03F
:101C400041F9431E5842584108B010BD1846FBE701
:101C50002DE9F0410F468CB0194604469046FFF737
:101C6000C9FF30B90DF03CFC0B2303604FF0FF358A
:101C700042E0A569102304AE102202936B1C4FF0C2
:101C80000001304608BF6569FFF79EFD02AB424682
:101C900028463946CDE90063082307F0C5FF051E35
:101CA00024DD221D08AF3346083203CBBB4242F885
:101CB000080C42F8041C1E46F5D1A36901331BD061
:101CC000102303AA39466069039308F053FA0028E9
:101CD000CCD1636823F0FF02089B23F0FF039A42F4
:101CE0000AD1A268099B9A4206D1BFE723781BB9A3
:101CF000237F0BB105B9257728460CB0BDE8F081EC
:101D000008B54069431C05D007F064FFB0FA80F0C5
:101D1000400908BD0020FCE77FB543690446013354
:101D200003D10024204604B070BDFFF763FF0028F4
:101D3000F7D0102302AA211D6069029307F014FE58
:101D4000431C0546EDD0202008F074FF044600280F
:101D5000E8D0002301264561062103704FF0FF33D0
:101D600032460396836104232846009303AB08F0B0
:101D700005FA20462677FFF71FFFD3E7002307B5B4
:101D8000014601AA0220019308F0D6FB019800F059
:101D9000D3F803B05DF804FB70B516461846102260
:101DA0000D4600211C46FFF70FFD304600F0C0F83D
:101DB0000223608028466370FFF7E0FF00F0BCF864
:101DC000606070BD1FB54369044601330FD06B4698
:101DD000FFF7E2FF2046FFF7EFFE10226946606939
:101DE00007F066FEB0FA80F0400904B010BD002094
:101DF000FBE7000070B586B005460C46FFF7DCFC3B
:101E00001128024621D1294601A80DF0F5FB651ED7
:101E1000002305340E4E6A460D4901A88DF8153091
:101E200000930DF03BFC80B1102200210DF038FD35
:101E3000FF280AD805F8010F6A46314600200DF048
:101E40002DFCAC42EFD1012000E0002006B070BDB7
:101E50003C0801080146024808B508F099FF00BF98
:101E600054090108F8B50120002301334000DBB21A
:101E70000E2BFAD10CF0D0FC00284CD0264A0623B9
:101E8000C2F89830254BC2F89C00C2F8A030052358
:101E9000C2F89430536A43F4803353620023C2F88B
:101EA0008430BFF34F8FD2F8803043F6E075C3F330
:101EB000C904C3F34E335B0103EA0507214647EA31
:101EC00081760139C2F87462F9D2203B13F1200FF8
:101ED000F2D1BFF34F8FBFF36F8F114B00F1400270
:101EE0001860104B1A6000F160020F4B1A6000F28C
:101EF00054625A6000F648429A6000F591521C32D2
:101F0000DA6000F5C15300F5F150084A103304308F
:101F1000136050600120F8BD00ED00E01B000C03D1
:101F20008C260020982600207C2600209026002069
:101F300040BA80B27047000000BA70476FF00B00E3
:101F40007047000010B5044618B940F29930FFF709
:101F500081FF94F83D3003F00502052A08D122687C
:101F600032B19B0604D52046BDE8104006F0ECB91E
:101F700010BD000073B5044615460E4619B94FF45E
:101F8000EE70FFF767FF236832689A4201D10020A4
:101F900019E02B6001A92846019200F0E7FF01A992
:101FA000284604F08DFA01AA2946204604F0BAFB1F
:101FB0003368012120462360FFF7C4FFA3690BB1FA
:101FC00020469847012002B070BD00007047000015
:101FD00010B5044608F078FC014B1C6010BD00BF32
:101FE000A026002010B5044608F06EFC54B1064B44
:101FF000186830B190F840300133DBB2A34218BF0B
:10200000002010BD2046FCE7A026002010B50446A5
:1020100008F05AFC0CB9002010BDA01C0DF04EFABF
:1020200010F0FF0303D194F90220302AF3D10A4AB9
:1020300010680028EFD090F840209A42EBD194F934
:10204000002090F93E309A42E5D194F9012090F9B0
:102050003F309A42DFD1DFE7A02600200B4B2DE96D
:10206000F0410E4617461C68054618B940F2477005
:10207000FFF7F0FE0CB9BDE8F081D4E900383A462C
:102080003146284644469847F4E700BF9C26002086
:102090002DE9F04387B099460E469046054608F074
:1020A00013FC2C4B002E08BF1E46B8F1000F08BFD2
:1020B0009846B9F1000F08BF99463368002B45D107
:1020C00002AF314628463A46FFF754FF044688B32C
:1020D0000397102401276A68D8F8003093421EBF86
:1020E000009244F040046B60AA68D9F8003018BF31
:1020F000CDF810D093421FD0AB6001AB44F0200468
:10210000019205935FB90DF1080831462846424611
:10211000FFF730FFA8B144F01004CDF80C8044F074
:10212000800487B103AA21462846FFF797FF07B02E
:10213000BDE8F0830127CEE7002FE4D0002CF6D0D5
:10214000EDE7002CEBD144F48064EBE700273C463C
:10215000C1E700BFC00901082DE9F843DDF824906C
:10216000984604460E46174608F0AEFB254B1D6800
:102170003DB1002540F22D10FFF76CFE2846BDE86A
:10218000F883002CFAD0B9F1000FF7D01E4B1022C3
:10219000294604F12400002E08BF1E46002F08BF68
:1021A0001F46B8F1000F08BF9846184BA560236181
:1021B000A58684F83D50C4E90055FFF705FB089B50
:1021C00020463A46236231460A9B6564E3604346F3
:1021D00084F84050A564C4E90655FFF759FF20462E
:1021E000C8470028CAD194F83D309B0602D5204646
:1021F00006F0F0F80022012120462546FFF72EFFC9
:10220000BCE700BFA0260020C00901083D1F000850
:102210001FB5044608F058FBD4B194F83D30DA07F6
:1022200016D443F0010384F83D30A3690BB1204676
:1022300098470123204601AA08218DF80430FFF7B2
:102240000DFF0321204604B0BDE81040FFF77ABE21
:1022500004B010BD1FB5044608F036FBECB194F88D
:102260003D305A0719D443F00403204684F83D302A
:1022700005F0E6F8204604F0DDFA03212046FFF7DA
:1022800061FEE3690BB120469847012301AA0421AE
:1022900020468DF80430FFF7E1FE04B010BD0000C9
:1022A0001FB5044608F010FBCCB194F83D305A0736
:1022B00015D523F00403204684F83D3004F0F8FAE5
:1022C000204604F075F9E3690BB1204698470023D6
:1022D00001AA042120468DF80430FFF7BFFE04B0A8
:1022E00010BD000008B508F017FC084B00221A705A
:1022F00008F01AFC064B186800B908BD436F1BB103
:10230000BDE8084000F01ABDC068F5E7A42600202B
:10231000A826002038B550B94FF4F170FFF79AFDA8
:1023200001201FE0002AFBD04268511A14E0B1F5E9
:10233000803FF5D2A9B103898CB213FA81F39BB225
:102340009C42EDD890F90C50002DEBDA4268511AFE
:1023500000F110029142E3D34289416014440381A9
:102360004481002038BD000022F04003012B70B5ED
:1023700006460D46144603D04FF4A570FFF76AFDDC
:102380000D2008F07DFE40B1002305814581437397
:102390000473C0E900360123C38170BD033020F00F
:1023A000030070B50E18BDF81450049CAE420DD851
:1023B00004B1044418460023C0E90034022301811B
:1023C0004181437301230273C38170BD0020FCE788
:1023D0000022FFF79FBF000010B528B940F24E2041
:1023E000FFF738FD012010E0B1F5803FFAD259B176
:1023F0008AB243899A42F5D89B1A446843812144A2
:10240000038941609B1A0381002010BD0B1E02DA74
:102410005942FFF7E1BF0122FFF77CBFF8B5044640
:1024200030B9254640F2DE20FFF714FD2846F8BDFE
:10243000002508F071FBA37B07461BB940F2F3208F
:10244000FFF708FDA67B3846013EF6B2A67308F0FA
:102450006BFB002EEAD1637B26689B070ED52369B0
:102460001BB940F20130FFF7F5FC2369204698477D
:102470000135EDB2002ED9D03446DAE7237B03F0E4
:102480000F03022B04D121460E2008F005FEEFE7D2
:10249000012B02D121460D20F7E71BB9204608F099
:1024A000AFFDE5E740F21130FFF7D4FCE0E70000B4
:1024B000B2F5C17F2DE9F84F04460E4611D008D879
:1024C00022F04003012B07D10020BDE8F84FFFF7B1
:1024D0004BBFB2F5207F56D040F22710FFF7BAFC71
:1024E00020E0002584B2DFF8E0902F46A8460E20B9
:1024F000AA4608F0C5FD0546D0B9304C08F00CFBE3
:10250000012326782370F6B208F00EFB4EB9294657
:102510002B4808F0ADF820B108F0FEFA257008F05D
:1025200003FB0FB9002729E03846FFF777FFF9E7EB
:10253000E31C0444C0F8008023F003031334068135
:10254000C3F5807B24F00304C0F80C901FFA8BFBCA
:102550004460B34528BFB346B3F5807FA0F80AB006
:1025600003D14FF48170FFF775FC57B1CAF80050E2
:10257000A6EB0B060024B6B2002EB8D13846BDE853
:10258000F88F2F46F4E7CB1C033023F0030320F031
:102590000300184410308342C4D808F01DFD0746DC
:1025A0000028EBD004440023068113340360054B5C
:1025B00024F003044681C3604460DFE7A4260020C2
:1025C000E5220008800001008200010070B50D4680
:1025D000044618B94FF4CC70FFF73CFC2389AB429A
:1025E00032D9EE1A6389AB4217D3227B120723D16B
:1025F000AB4221D0637B9B071ED461682046091B38
:10260000294408F0E7FCA8B940F2BD10FFF722FC0E
:1026100040F2BF10FFF71EFC0EE0ED1A2389334491
:10262000ADB223812468002CDCD140F2AF10FFF75B
:1026300011FCD7E78442EBD120686581258108B180
:10264000FFF7ECFE0023236070BD0000F8B50D46D7
:102650000446002685B17CB16189A94208D8276863
:102660006D1A20462660ADB23C46FFF7D7FEF1E773
:1026700029462046FFF7B0FE2046F8BD034600225B
:1026800090B2013203B970471B68F9E710B50446F0
:1026900070B108F041FAA37B0133A37308F044FA48
:1026A000A37B2BB94FF45170BDE81040FFF7D2BBAC
:1026B00010BD000038B50D46044600B121B938BD43
:1026C00029890B442381144622682389002AF7D1E3
:1026D00062899A4209D04FF45970FFF7BBFB236817
:1026E0001BB140F26530FFF7B5FB2A8923892560CD
:1026F00013442381E3E7000010B50C46FFF7DAFF2F
:102700002046BDE81040FFF7C1BF00002DE9F843A7
:102710000546164698460C4600293ED00B89934242
:102720003BD3002839D0028908EB06039A4234DBF8
:102730004FF000096F896289A7EB08076868A2EB70
:102740000902616840449742494428BF1746B7428E
:1027500028BF37463A46B844FFF704F86B89F01BA8
:10276000B944434586B203D240F2F730FFF772FB1B
:1027700063894B4503D24FF47E70FFF76BFB63898F
:102780004B4504D8246804B93EB94FF000096B8961
:10279000434521D12D68EDB9C6B16FF00F0010E0AF
:1027A000B046628923899A4201D123685BB92DB171
:1027B0006A892B899A4201D12B6823B9002EB9D19D
:1027C0003046BDE8F8836FF00500FAE7002CE7D14A
:1027D0002046F6E74FF00008002CE2D1E8E70000C1
:1027E00019B100230A89FFF791BF6FF00F007047FE
:1027F0002DE9F0410F469046054618B321B3002657
:10280000B8F1000F00D015B93046BDE8F0816C89F1
:102810002BB1A34203D31B1B9BB22D68F0E7E41A34
:102820006968B819A4B21944444528BF44462246F1
:102830002644A8EB0404FEF795FFB6B200231FFA66
:1028400084F8EAE70646DFE70E46DDE738B51546C9
:102850000A462989FFF72CFE044638B12946FFF7BE
:10286000BFFF18B140F24350FFF7F4FA204638BDDD
:10287000F0B5124C4FF480404FF6FF7623880133B9
:102880000F4D04229BB2B34208BF4FF4404355F8AA
:10289000041B096831B9013A12F0FF02F7D118465A
:1028A000238007E0CF8A9F4205D1013880B20028FB
:1028B000E5D12380F0BDC968ECE700BF54230020B8
:1028C0006C09010808B507F0C7FF6FEA8040024BAA
:1028D0006FEA9040188008BD5423002010B5037D96
:1028E0000446012B02D1D420FFF7B4FA214601207F
:1028F000BDE8104008F0D0BB10B5044618B94FF43D
:102900009470FFF7A7FA07F0DFFF638B9B050FD4E6
:10291000E36F6BB15A7F01325A77E36F5B7F1BB96C
:1029200040F22D10FFF796FA638B43F40073638334
:1029300010BD000010B5044618B940F23F10FFF773
:1029400089FA07F0C1FF638B9B050FD5E36F6BB16D
:102950005B7F1BB940F24310FFF77CFAE26F537FB5
:10296000013B5377638B23F40073638310BD000036
:1029700010B5044618B94FF4CE70FFF76BFA237DFB
:10298000042B11D0072B1BD0032B0BD1204602F0B8
:102990006FFE70B92046FFF7CDFF05232046237553
:1029A00002F08EFF002010BD204602F061FE0028DC
:1029B000F3D0431CF7D1638B43F008036383F1E743
:1029C000204602F055FE0028F3D10923E6E7000077
:1029D000F8B50E460546144607F076FF1B4B002E51
:1029E00008BF1E4645B32B7D4BBB34B9FFF740FFF4
:1029F000044650B96FF0010012E0154951F8042B5C
:102A0000126872B90133042BF8D1336803B12B601B
:102A1000104BEC821A681D60EA6003F0E7F90020B1
:102A2000F8BDD08AA04205D117685FB1306848B1BF
:102A3000874207D0D268E4E76FF00F00F0E76FF04D
:102A40000500EDE76FF00700EAE700BFC0090108E5
:102A50006C090108B026002038B50C46054607F081
:102A600033FF1CB194F840400134E4B22C7238BDFD
:102A7000F8B505460E46174607F026FF002D4AD04A
:102A80002B7D002B4BD1022008F0FAFA04460028D7
:102A900049D02B690361EB8AC382012303756B7DE7
:102AA00043756B7A43722B7A0372EB7AC372AB7AFB
:102AB00083722B680360EB8A3BB11C4A1368AB42FC
:102AC00021D1EB6813600023EB602846FFF706FF77
:102AD000174BA36100236377237D012B03D04FF4B1
:102AE0006570FFF7B7F9134B012E1A6838BF01263E
:102AF0001C602677E26003F079F9002307B13B7090
:102B00002046F8BD1346002BDDD0DA68AA42F9D181
:102B1000EA68DA60D7E72C466FF00F03EEE76FF054
:102B20000E030024EAE74FF0FF33E7E7B02600206A
:102B30001D2F0008B4260020F8B5044618B940F24D
:102B4000AA30FFF787F9228D41F27076E36A678E2B
:102B5000656AD01AB742284494BFC11B811B002963
:102B600001DB6285F8BD5D1B02D500206085F9E7B9
:102B7000B5F5803F03D340F2BA30FFF76BF9002080
:102B80006585EFE738B505460C4607F09DFE1DB399
:102B90002B7D012B03D140F2D630FFF75BF92A8D54
:102BA00042F6E063111989B2994213D88A4288BF6C
:102BB000194628462985FFF7BFFF40F6B7339842EC
:102BC0000AD96B8B284643F002036B83BDE838407B
:102BD00002F076BE1946ECE738BD000010B5044699
:102BE00048B1406808B1FFF719FC21460320BDE851
:102BF000104008F051BA10BD10B500B910BD0468FE
:102C0000FFF7ECFF2046F8E738B5044618B940F264
:102C10008660FFF71FF9032008F032FA054660B11D
:102C20002346024604F1100153F8040B8B4242F88C
:102C3000040BF9D16868FFF729FD284638BD00006C
:102C400038B504460D4607F03FFE04B1256138BD96
:102C500038B504460D4607F037FE44B1237D012BFD
:102C600003D14FF4FD60FFF7F5F8C4F8845038BD88
:102C700038B504460D4607F027FE44B1237D012BED
:102C800003D140F2FC70FFF7E5F8C4F8805038BD7E
:102C900038B504460D4607F017FE44B1237D012BDD
:102CA00003D140F61600FFF7D5F8C4F8905038BDB0
:102CB00038B504460D4607F007FE1CB1237D012BF5
:102CC00008BFA56138BD000070B504460E46154624
:102CD00007F0FAFD4CB1237D012B03D140F64800EB
:102CE000FFF7B8F8C4F88C60657770BD08B518B9FF
:102CF00040F6B900FFF7AEF8034B044A18681268B3
:102D00001044186008BD00BF50230020B8260020E2
:102D100038B504460D461AB940F6CF00FFF79AF8C9
:102D20004DB1AB8E3BB1282B8ABF283B00239BB211
:102D30009C4228BF1C46204638BD000010B5044602
:102D4000406F18B1FFF758FF0023636710BD000004
:102D500010B50446F8B1037D012B1CD90A2B1AD0FB
:102D6000FFF7E8FDA06F18B1FFF758FB0023A3673A
:102D7000636F13B12046FFF7E1FF4FF6FF73E06E7C
:102D80002386FFF739FF206FFFF736FF0023C4E9E2
:102D90001B33A4F8683010BD38B505460C4619B988
:102DA00040F68D00FFF756F81DB940F68E00FFF78C
:102DB00051F82B68A34219D1E3682B600023204609
:102DC000E360FFF7C5FF237D0A2B17D1E36E3BBB02
:102DD000236F1BB140F69E00FFF73CF8636FDBB139
:102DE0004FF40A60FFF736F816E01346002BE5D0E3
:102DF000DA68A242F9D1E268DA60DFE7012B0BD092
:102E0000638BDA07E2D543F002032046638302F0C6
:102E100057FD237D012BD9D100232375E38238BDD3
:102E200040F69D00FFF716F8D2E700002DE9FF47B6
:102E300004460E4607F048FD002C5FD0237D012B91
:102E400003D14FF41070FFF705F8237D0A2B09D149
:102E500021462C48FFF7A0FF204604B0BDE8F0470C
:102E6000FFF73CBDD4F85090D4F824A0D4F890706B
:102E7000D4F81080E58A9BB93DB1234A1368A34278
:102E800006D1E36813600025E5602E460FE0134687
:102E9000002BF8D0DA68A242F9D1E268DA60F2E7F2
:102EA00021461A48FFF778FF194B01221A70206F4C
:102EB00008B1FFF7A1FEE06E08B1FFF79DFE606F5D
:102EC00008B1FFF799FE2046FFF734FD56B1238B7A
:102ED000524649462046CDE90153231D009323461F
:102EE00002F088FC2046FFF7F9FC3FB16FF00C01BF
:102EF00040463B4604B0BDE8F047184704B0BDE883
:102F0000F08700BFC0260020B0260020A8260020A1
:102F1000AC2600200121FFF789BF000010B50C4648
:102F200019B94FF44470FEF795FF2046FFF7F2FF02
:102F30006FF00C0010BD0000F8B50C46054618B93E
:102F400040F60A10FEF786FF4FF6A96604B9F8BDF1
:102F500023682A68E768934205D19BB2B34202D046
:102F60002046FFF7D7FF3C46F0E7000038B50D4696
:102F7000044680B1036873B10B4B1968FFF7DCFF9F
:102F80000A4B20461968FFF7D7FF25B12B6813B10C
:102F9000074B1B6803B938BD19682268914204BF0A
:102FA0002A681A60DB68F5E7A8260020B026002012
:102FB000B42600200C4B002230B4196804460B4B99
:102FC00010461D6819B968B130BCFFF72FBF0B7DE3
:102FD000A34205D10B6AEB1A934224BF1A46084656
:102FE000C968EFE730BC7047A8260020B82600204B
:102FF000F8B5044607F068FC012008F041F80346E4
:10300000002836D13F4E3068002857D13E4B01464C
:103010003E4D1B682F68002B5BD108B1FFF77AFF8C
:10302000012008F02DF8034618BB0920FFF7C2FF66
:10303000012008F025F80346D8B90820FFF7BAFFA9
:10304000012008F01DF8034698B9220649D45CB166
:1030500021460139326800202E68C9B2002A42D1C7
:1030600013B11846FFF756FF012008F009F8034690
:1030700010B39C2218460021FEF7A6FB42F6E06240
:1030800003464475A0F86420214A8262FF22C2727E
:103090000622A0F84020C2871E4A02631B4A12681B
:1030A00002621D4A127882771C4A82641C4AC0F868
:1030B00084201C4AC0F894201846F8BD438BC5688C
:1030C000190704D523F008034383FFF751FC284672
:1030D0009AE71A6ABA1A8A4224BF18461146DB6870
:1030E00099E77F21B5E7577D8F4204D307D1156A51
:1030F000751B854203D3106A39461346301AD268CD
:10310000ACE700BFA8260020C0260020B82600207B
:10311000E02EE02EFFFF1802BD2600200100E02E69
:103120009D32000800DD6D004020FFF761BF000008
:1031300030B50D4685B0044618B94FF4AF70FEF7B0
:1031400089FE237D002D3DD0042B01D0072B39D1E2
:10315000A26F22B9218D42F6E062914232D0638B98
:10316000DB0603D44FF4B270FEF774FE238B2046C7
:103170000293E38A0193231D00932346626A216D23
:1031800002F038FB2046FFF7E3FD334A1368A34201
:1031900010D1E368136000230122E3602F4B1A7003
:1031A0002F4B1B68A3421DD101F072FD002005B01A
:1031B00030BD1346002BEED0DA68A242F9D1E268A6
:1031C000DA60E8E7012B1AD0022B36D0002B3CD175
:1031D000E38A3BB1234A1368A34208D1E368136032
:1031E0000023E3602046FFF779FBDFE71346002B5F
:1031F000F6D0DA68A242F9D1E268DA60F0E71A495B
:10320000002051F8232012688AB90133042BF8D129
:1032100021461648FFF7C0FD237D012B02D1DF2098
:10322000FEF718FE2146022007F036FFBEE7D56FF5
:10323000AC4208BFD067D268E6E721460648FFF7F0
:10324000ABFD064B01221A70CCE7204605B0BDE865
:103250003040FFF78DBB00BFA8260020AC26002021
:10326000EC260020B02600206C090108B4260020BE
:1032700010B5044607F028FB64B1237D20460121E8
:10328000012B1EBF638B43F010036383BDE8104026
:10329000FFF74EBF6FF00F0010BD000010B50846DD
:1032A000144669B13AB11189FFF76CFC2046FFF76B
:1032B000B5F8002010BD33B9BDE81040FFF7D8BF06
:1032C0006FF00F00F6E71046F4E70000F8B504468B
:1032D00080B3866F0023D0F88450777B8367E5B195
:1032E000014632460069A8470546E8B9BB0612D533
:1032F000238D42F6E062D4F8846093421CBF013310
:10330000238546B10023214620691A46B0470D3077
:1033100001D16FF00C052846F8BD01462B46324618
:103320002846FFF7BBFFDFE70D35F2D06FF004054D
:10333000A667F0E76FF00F05EDE700002DE9F84311
:103340001B4D1C4F2B781C4E01332B703C684FF0EB
:1033500000080CB9BDE8F8832B78A27F9A4224D0EC
:10336000A377638BD90709D543F002032046638313
:1033700002F0A6FA638B23F003036383638B1A07BF
:1033800005D523F0080320466383FFF7F1FAA36F06
:10339000D4F80C903BB1204686F80080FFF796FFEA
:1033A0003378002BD2D14C46D3E7D4F80C90FAE70F
:1033B000BD260020A8260020AC26002070B50546BA
:1033C0000E46144607F080FA1DB32B7D012B19D051
:1033D00096B16B8B43F010036B832CB1012128460F
:1033E000BDE87040FFF7A4BEA86F08B9002070BD0B
:1033F000FFF714F8AC67F9E7002CF7D0042B04D8DA
:10340000022B04D86FF00A00F1E7072BFAD1002154
:10341000E5E76FF00F00EAE72DE9F04FBD4D87B00B
:10342000DFF804932B68BC4F0133DFF800832B6077
:1034300099F80030013389F80030D7F800B0002641
:10344000BBF1000F07D1B54E3468002C40F0BC81B1
:1034500007B0BDE8F08F9BF814201AB940F2C240C3
:10346000FEF7F8FC9BF81420012A03D140F2C34078
:10347000FEF7F0FC9BF814200A2A03D140F2C44066
:10348000FEF7E8FC99F800209BF81E10914204D149
:10349000DBF80C405E46A346D2E79BF814108BF88D
:1034A0001E2002299BF8422040F09880032A40F217
:1034B00097804FF0010A9BF814C0BCF1060F0DD1A4
:1034C000BBF81A20D30609D52A68DBF82010521A57
:1034D000282A84BF0AF1010A5FFA8AFA9BF8094098
:1034E00014F008041CD0BCF1040F03D0BCF1070F8A
:1034F00040F03081DBF820204FF4FA742868801AFD
:10350000DBF8942002F5242101F6B841B1FBF4F177
:10351000884240F20D810AF1010A01245FFA8AFA19
:10352000DBF874206AB12A68DBF82010511ABBF965
:10353000402002EB4202B1EB420F02D35846FFF7A4
:10354000FDFB9BF81420032A40F006812A68DBF873
:103550002010521A282A03D8BAF1000F00F00F8168
:103560005846DBF890A0FFF7F3FB3A68002E00F016
:10357000FC805A4503D140F27150FEF76BFCDBF83A
:103580000C20F26084B1BBF818205B4658460292CA
:10359000BBF8162001920BF104020092DBF8242004
:1035A000DBF8501002F026F9DBF810205846DBF863
:1035B0000C400592FFF792F9002388F80030BAF129
:1035C000000F09D0059A6FF00C011046D04798F80B
:1035D0000030002B7FF431AFB3465BE70B2A66E780
:1035E0009BF899A0BAF1000F42D0DBF870201AB115
:1035F0004FF49B60FEF72EFCDBF86C201AB940F20A
:10360000D940FEF727FC9BF89A200B2A3FF651AFD2
:103610009BF89910424A0A4412F8011C9BF8982022
:103620008A420BD3BBF8601089B1584601F0FAFE0C
:1036300090B9584602F044F930B10DE00132D2B2EF
:103640008A428BF89820EDD24FF0000A33E75846B3
:1036500002F018FB0028F7D19BF899204FF0000AE0
:10366000062A8BF898A0EFD801328BF8992022E730
:10367000BBF8302047F6FE718A429CBF0132ABF89E
:103680003020BBF94020BBF930109142DCDB5846BA
:1036900002F016F838B1DBF87020002AD4D1DBF83C
:1036A0006C20002AD0D09BF81420022A14D0BBF939
:1036B0003C10BBF93E201B4B02EBE1029BF8421091
:1036C0000C2928BF0C21595C8A4047F6FF718A42B9
:1036D000A8BF0A46ABF84020BBF860100024BBF836
:1036E0004820BBF832C09142ABF83040ABF848C03C
:1036F00028BF11464FEA4C02ABF86A4092B2480824
:10370000B2EB510F98BF02465846ABF84A2002F080
:1037100073FAD0E6B8260020A8260020C026002094
:103720007C0901085C090108BD260020AC260020A8
:103730009BF89B103C4B03FB0122B2FBF4F290423E
:1037400008D9584602F07EFA20B99BF89B20013236
:103750008BF89B200024E3E6092A7FF4FDAE2A685B
:10376000DBF82010521AF02AF5E65A4503D040F251
:103770007550FEF76FFBDBF80C203A6002E79BF810
:103780001C209BF81D100132DBF80C40D2B2914294
:103790008BF81C203FF67EAEDBF88C208BF81CA04B
:1037A00088F800A01AB9584602F08AF872E659461D
:1037B000DBF81000904798F80020002A7FF43DAE17
:1037C00000287FF467AEEEE7227D0A2A03D040F29C
:1037D000A550FEF73FFB2A68216A521AF02A0FD93A
:1037E0002046FFF7B5FABBF1000F0CD13268A242B8
:1037F00003D040F2B750FEF72DFBE26832600CE0D8
:10380000A346E46821E63268A24203D140F2B350F5
:10381000FEF720FBE268CBF80C20E7682046FFF7B4
:103820005DF83C4611E600BFF824010008B5FFF73B
:1038300085FD064A13780133DBB21370DB0703D52D
:10384000BDE80840FFF7E8BD08BD00BFBC2600206A
:10385000094A1388591C1180084A12681AB108498C
:1038600009888B4204D2074A12681344187D7047B6
:103870005B1ADBB2D05C7047F0260020FC260020EB
:10388000F8260020F4260020F8B50C46054618B9A5
:1038900040F22C40FEF7DEFAEB689889FEF748FB11
:1038A000C20714D4174EE76830682B8979682289DB
:1038B00003440A449A1A002A0FDACB1A002B0ADAB8
:1038C000091A686889B22981FEF780FE03E0204664
:1038D0000024FFF791F92C60F8BDB889FEF728FBAA
:1038E000C30707D5EB6801209F89FEF721FBEB6832
:1038F0003843988127682046FFF770F93C46002F2F
:10390000D1D1E8E7E8260020F8B5064618B940F21C
:103910008370FEF79FFA194B1F8867B1184D00237B
:103920002B802B88BB4206D2FFF792FF0128F8D0EC
:10393000022801D0C8B9F8BDFFF78AFF0428FAD1E0
:103940002B880133BB42F6DAFFF782FF0402FFF750
:103950007FFFA4B244EA00039BB25A1EB2F5806F07
:1039600028BF4FF480637386DBE7FFF771FF012800
:10397000E1D92B88023B18442880D2E70027002099
:10398000F026002010B5044618B940F25A20FEF780
:1039900061FA0C4B187810F0100011D0638BDB0625
:1039A00006D4D4F890301BB16FF00E01206998470F
:1039B00021460548FFF7F0F92046FEF78FFF01206A
:1039C00010BD00BFE4260020A82600202DE9F84FF6
:1039D000064617460C46DFF89490DFF89480CCB387
:1039E000E368D9F800505868FEF7A6FAE368B4F81F
:1039F00008B082469889FEF79BFAA5EB0B0310F0FE
:103A00000300A3EB0A0518BF01202D1A002D22DBAD
:103A1000D4E900A0FEF732FEB6F8663005468342D0
:103A200003D240F26440FEF715FAB6F86600B8F823
:103A30000020451B2046A6F8665023891344A8F8A9
:103A40000030FFF7CBF8B6F8663063B1BAF1000F7B
:103A500009D11FB100242046BDE8F88F40F26E4026
:103A6000FEF7F8F9F6E75446B9E700BFC426002090
:103A7000DC2600202DE9F047044618B940F28740C3
:103A8000FEF7E8F9237D032B03D84FF49160FEF78E
:103A9000E1F92F4B2F4E1B782F4F13F0100F00F032
:103AA0008D8032682D4DB4F860102B68D4E9150E66
:103AB000A0EB020CBCF1000F0CDB904203D1AEEB8B
:103AC0000300002806DB9E4513D125480068C08905
:103AD00088420ED92248B4F862800068C0891FFA73
:103AE00080FCA4F86000E045C4E9152338BFA4F8C1
:103AF0006200626CD01A0028C0F25781388890BBEF
:103B0000B4F860C07144A06D604488422BD1B4F910
:103B10003010002927DB9A4225D194F84330FF2B3F
:103B20001CBF013384F8433094F84330032B19D978
:103B3000B4F848204FF6FF71638E13449BB29A424B
:103B400088BF0B46A4F84830204601F029FE0AE061
:103B5000C8260020E826002002270020C4260020D6
:103B6000F4260020F0D0616B41B3A36B2A689B1A46
:103B7000002B23DAAE4B89B2B3F800C0B4F93C3065
:103B8000ACEB0102C3F3CF00121A15B213FA82F2A2
:103B9000B4F93E30002D12B2A3EBA303B8BFA1EBE2
:103BA0000C01A287BCBF09180DB22B449BB2E3875E
:103BB00003EBE203A4F840300023636338883368E2
:103BC000626A002800F02183217D062900F21D830E
:103BD000D51A012D00F18481591E0144891A00294A
:103BE000C0F27E81DFF84C92D9F80480B8F1000F62
:103BF00003D140F29A50FEF72DF94FF6FE739D4225
:103C000003D940F29B50FEF725F9D9F80430ADB244
:103C10001B89AB4203D240F29D50FEF71BF9B9F865
:103C2000083000215B1BA9F80830D9F804301B8943
:103C30005B1B9BB2B8F80A20AA42C0F04881294613
:103C40004046FEF7C9FB636AD9F80C203360536025
:103C50003368626A991A0029C0F20F826FEA030C76
:103C6000208D02EB0C01C84200F10782934240F024
:103C7000FE81704DEB68B5F808809889FEF758F919
:103C800010F00300238D18BF0120404480B283420E
:103C900038803ED2EB689889FEF74AF9C20710D502
:103CA000EB68B3F80C80404628F47C58FEF740F9E6
:103CB00000F03E00FEF73CF9EB6848EA0008A3F884
:103CC0000C80238D2B81EB689889FEF731F98307EF
:103CD000686842BF2B8903F1FF332B812989FEF7E6
:103CE00075FCEB68B5F808809889FEF721F910F0AB
:103CF0000300336818BF0120626A404480B23880F4
:103D00001844238D1344984203D040F2D150FEF75B
:103D1000A1F8636F002B00F0F280EB689889FEF742
:103D200007F9C00700F1E880D4F8748030683B8858
:103D30000344B8F1000F35D0D8F80CC0B8F808101B
:103D4000DCF804201144591A002980F20081D31AAA
:103D5000002B27DAEB68121A2A819889FEF7E8F817
:103D60008307686842BF2B8903F1FF332B812989C0
:103D7000FEF72CFCEB68B5F808909889FEF7D8F8A8
:103D800010F00300336818BF0120484480B2388027
:103D90001844D8F80C305B68984203D040F20260B7
:103DA000FEF758F8C4F87480A9E0D143D94200F175
:103DB0008A80216DC91A0029C0F28580618B48076D
:103DC00009D521F004016183B4F84A10A4F8481021
:103DD0000021A4F86A10B4F93C00E18F636401EBA0
:103DE000E001A4F840100021A4F84210217D03292D
:103DF0002CD99B1AB4F84A10B4F848209BB29142CF
:103E00001AD9618B11F4006F618E14BF012002205A
:103E100011FB00F189B2994294BF5018D01883B2B7
:103E20009A4201D94FF6FF73A4F848300EE000BF64
:103E3000B8260020CC260020B4F86A100B449BB2B0
:103E400099422CD89A422CD9A4F86A302046D4E959
:103E50001B21FFF7BBFDE16E024620672046FFF7FE
:103E6000B5FD226FE066B2FA82F35B095B422386FE
:103E70000023237708B9A4F86800AB49B4F864308C
:103E800009880B44A4F86430638B19057FF56BAE89
:103E9000BAB968B9638B23F40063638363E64FF6B2
:103EA000FF739B1AA4F86A30638E13449BB2B7E782
:103EB000C3685868FEF740F8E36CC01A0028E9DAD6
:103EC00051E6D368F5E7204601F0D0FC4BE6AD1A89
:103ED000A8F80830A8F80A10ADB2D8F80080A9E612
:103EE0009B1A002BBEBF638B43F002036383AFE6D4
:103EF00003686367FEF772FE606F0028F8D13A88A6
:103F0000336813446362238D934203D240F20D6001
:103F1000FDF7A0FF238D20463A889B1A2385FEF7E4
:103F20000BFE6B681A891AB1804A136000236B601C
:103F3000EB689889FDF7FCFFC50704D57C4A137828
:103F400043F020031370794FDFF8E48179E0BCF887
:103F50000C00FDF7EDFFC1071BD5EB689889FDF755
:103F6000E7FF820715D4EB680120B3F80C90FDF74A
:103F7000DFFFEB6849EA0000B5F808909881EB682C
:103F80009889FDF7D5FF10F0030018BF01204844C1
:103F90003880D8F800904046FEF720FEC846C5E6B7
:103FA00033609089B5F80890FDF7C2FF636A10F09E
:103FB0000300994418BF01204844B4F82890606277
:103FC000EB68B5F808A09889FDF7B2FF10F0030080
:103FD00018BF01205044814503D240F23160FDF703
:103FE00039FFEB68B5F808909889FDF7A1FF10F04C
:103FF0000300238D18BF01204844181A208520464D
:10400000FEF79AFD69680B892BB1386840B3FEF75B
:1040100051FB00236B60EB689889FDF789FFC007AF
:104020000AD598F8003043F0200388F80030237D4B
:10403000042B04BF072323752B6828466367FEF70C
:10404000CDFD656F25B1EA68616A53688B42A7D0E0
:10405000638BD90706D523F0010343F0020303E085
:104060003960D6E743F001036383BDE8F087656FED
:1040700045B93048FEF7C8FD60672046BDE8F04707
:1040800001F0F4BB4FF0000803F1FF3EE86842681E
:10409000934215D127482B8902899A42EDD9FEF720
:1040A000B3FD0028E9D0B8F1000F07D0C8F8000030
:1040B0002946FFF7E9FBE0E70D46E7E76067F7E72A
:1040C000B8F1000F09D1991A002935DA1948FEF71D
:1040D0009BFD0028D1D06067EAE7D8F80C1049684A
:1040E000AEEB0101002927DB12EB0C0F24D41148A1
:1040F000FEF78AFD07460028BFD0D8F80C3031689B
:104100005A68B8F808301344CB1A002B07DA891A1A
:10411000D8F8040089B2A8F80810FEF757FA294623
:104120003846C8F80070C4E7DC260020E0260020EE
:10413000E4260020CC2600202968A8460029BBD10F
:10414000D31A002B99DA8089FDF7F2FEC20794D4C6
:104150003348FEF759FD286000288ED0EB6831689F
:104160005A682B891344CB1A002B05DA891A686820
:1041700089B22981FEF72AFA3B8832681A44636AB9
:104180009B1A228DD3427FF578AF2B68DB68988924
:10419000FDF7CEFEC30712D52B68DB68B3F80C80A1
:1041A000404628F47C58FDF7C3FE00F03E00FDF7C2
:1041B000BFFE2B6848EA0008DB68A3F80C80316872
:1041C000238D2A685B1A616A0B4413812B68198955
:1041D0005868FEF7FBF92B681D89DB689889FDF7A5
:1041E000A7FE10F00300336818BF0120626A28445C
:1041F00080B238801844238D134498423FF43DAF79
:1042000040F2FE60FDF726FE37E7991A002905DB2C
:10421000DB431344228DD3427FF527AF638B1CE72A
:10422000CC2600202DE9F04F054687B006F04CFB68
:1042300015B98320FDF70EFE6B68A34E33606B89C2
:10424000132B40F2B180DFF8A482D8F80010D8F820
:10425000140004F00DFC002840F0A680D8F81430BB
:1042600003F0F003E02B00F09F8008F11403062117
:104270002846009308F110032A8906F009FE044637
:10428000002840F0918033689889FDF751FE810A3B
:1042900001F0FC01132940F287802B898AB28B42FE
:1042A000C0F08280A2F114036889DFF844929BB2C7
:1042B000864F9042DFF83CA2A9F800303C603BD327
:1042C0002846AAF80030FEF787F83468DFF828B2ED
:1042D0002088FDF72DFE208034687D4F6088FDF733
:1042E00027FE60803468DFF814A26068FDF724FEC2
:1042F00060603468CBF80000A068FDF71DFEA06088
:1043000034683860E089FDF713FE3368E0819889EE
:10431000FDF70EFE00F03F032A898AF8003083077C
:104320003CD16C4B1A806C4B4FF000091C68002C80
:1043300040D16A4B1C683EE12B6813B9C220FDF7DF
:1043400089FD14212846FEF747F86C89B9F80090DA
:1043500028462146AAF80040FEF73EF8A9EB040AD9
:1043600028681FFA8AFA438953451DD3436851468A
:104370003B60FEF731F82B891C446B89A4EB0904E0
:104380002C8113B1DF20FDF765FD2B682A891B897D
:104390009A429AD0E020FDF75DFD96E7531C4D4907
:1043A0009BB29A420B80BED9284607B0BDE8F04FB9
:1043B000FEF734B8237D13B9FB20FDF74BFD237DB9
:1043C0000A2B02D1FC20FDF745FD237D012B02D1F4
:1043D000FD20FDF73FFD227A3AB1D8F8043093F87A
:1043E00040300133DBB29A426AD13368218B1A889C
:1043F000914265D1E28A5B889A4261D16268D8F8BD
:1044000010309A425CD12268D8F814309A4257D1C1
:10441000E368A34240F02D8440F20D10FDF71AFD31
:10442000B9F1000F06D0E368C9F80C302A4B1A68BE
:104430001C60E260E368A34203D140F21510FDF76F
:1044400009FD274900232A89DFF8B4900A813268E0
:10445000DFF8B080CA60234A0B60C9F8003088F8E2
:10446000003013809AF800304D601B0703D56B7B3A
:1044700043F001036B73A36F002B00F055812046BE
:10448000FEF724FF0D3008D0A36F002B00F04C8105
:10449000104B1B88002B00F04781638D13B9204619
:1044A00001F0E4F90E4D00240F4B68681C60C9F858
:1044B000004010B1FDF7B2FF6C6007B0BDE8F08FAF
:1044C000A146E46833E700BFF4260020FC26002064
:1044D000C426002002270020A8260020C026002095
:1044E000CC260020DC260020EC260020942F002083
:1044F00000270020F8260020E8260020C8260020FB
:10450000E0260020E4260020237D0A2B03D040F281
:104510001F10FDF79FFC227A3AB1D8F8043093F8C7
:1045200040300133DBB29A4244D13368208B1A8881
:1045300090423FD15B88E18A99423BD16268D8F8CA
:1045400010309A4236D12268D8F814309A4231D1CC
:104550009AF800305E073FF527AFA94A16889A07F8
:1045600018D5DBF80020636AA2EB030CBCF1000F46
:1045700015DBB4F828C09B1A1CEB030F0FD4A14B1A
:10458000324400930433CDE901102046396801F02C
:1045900031F909E7DF0742BF9B4B1B682362002EFE
:1045A0003FF402AF638B204643F00203638301F0C4
:1045B00087F9F9E6E468002CA6D1944BD8F80400FA
:1045C0001A683168D8F814E09146B9F1000F16D195
:1045D0008889FDF7ADFC42073FF5E6AE3368884AAF
:1045E0001888118802905B88DBF800200193854BC6
:1045F0000A44009304333968D8F8040035E399F885
:1046000008C0BCF1000F05D090F840300133DBB298
:104610009C450CD1B9F816C04B889C4507D1D9F8F8
:104620000030734500F00283002B00F0FF824C46FF
:10463000D9F80C90C9E798077FF5B6AE99F81D2018
:1046400099F81C309A42BFF4AFAE99F81500FEF706
:10465000CFFC074658B9D9F81830002B3FF4A4AE68
:1046600001464FF0FF32D9F8100098479CE699F8C0
:104670001D30013389F81D30438B43F400734383AD
:10468000D8F814300360D8F810304360B9F8163009
:10469000C38233681B88038303230375DBF8003070
:1046A00001334362C362FEF721FBDBF80030B865DB
:1046B000013B38657864F8657B65D9F81030C7F838
:1046C0007C903B6199F8093003F00C037B7299F8F8
:1046D00008303B724E4B1A681F60FA6001F086FB8F
:1046E0004C4B012238461A70FFF70EF933683A1D19
:1046F0007E8EDB8910460592A7F86030A7F86230FD
:1047000003F0C2FF059A01463046FEF701FB122175
:104710007886384600F03AFF20B121463846FEF749
:1047200085FB41E6384642E79AF800203A4B5107AC
:104730001C6039D5217D022921D1226D3B689A4226
:1047400009D198F8003043F0080388F80030638BF3
:1047500023F00103638398F80030180740F1F381D8
:10476000D4F890301BB16FF00D01206998472146B5
:104770002748FEF711FB2046FEF7B0F892E6636A81
:10478000DBF80020934208D0D11A0029E3DB9B1A02
:10479000228DD342DFD4638B0DE00029D1D140F2CA
:1047A0003B30FDF757FBCCE79207638B06D5227DA4
:1047B000023A012A02D943F00203CBE7DD06204684
:1047C0005EBF114B1B6823620023A4F89A30FFF7E9
:1047D0009BF89AF8003013F0020103D0227D023AD0
:1047E000012AB8D8227D023A072AB4D8DFE812F0AD
:1047F00016009F000D0111015A010D017401930172
:1048000002270020A42F0020B8260020B426002074
:10481000A8260020AC260020EC26002003F012027F
:10482000122A65D1626C396801328A4260D1DBF8A4
:1048300000306264591C3268013B658E6162E1623E
:10484000D28963650423A4F86020A4F86220E218EA
:1048500023751046059203F017FF059A0146284676
:10486000FEF756FA41F21C134200608681009A421C
:10487000154638BF1D46B5EB800F2DD98BB2A4F875
:104880004830B4F866301BB940F27730FDF7E2FAF1
:10489000B4F86630256F013BA4F8663005BBE56EC1
:1048A0001DB940F27F30FDF7D5FA2B68E366284644
:1048B000FEF794F9236FB3B94FF6FF732386D4F84C
:1048C0008830002B3FF467AF0022214620699847CB
:1048D0000D307FF460AFE5E59A4288BF93B2CEE732
:1048E0002B682367E3E70023238684F84230E6E75A
:1048F000D8067FF530AF3368A44A18881188029033
:1049000020465B88DBF800200193A14B0A4400930A
:104910000433396800F06EFF94F84230032B3FF601
:104920001AAF00232046238601F07AF913E751B12C
:10493000636ADBF80020013B93427FF40CAF204612
:1049400000F0F8FE07E7D9067FF505AF636C39681C
:10495000DB43CB4248D4236D5B1A002B44DB04239A
:104960002375E36F1BB92046FEF7D4FA9AE59B69DD
:104970001BB94FF46E70FDF76DFA2046FDF7DAFFB4
:10498000E36F9B69002BEED00022214620699847F7
:1049900018B10D303FF486ADE5E72046FFF76AF821
:1049A0007C4A13880BB1013B1380618E41F21C13CA
:1049B0004A0088009A42154638BF1D46B5EB810F64
:1049C0000ED983B2A4F8483098F800309A067FF5E3
:1049D000C2AE638B43F00203638307232375BAE6F9
:1049E0009A4288BF93B2EDE73368684A1D88108801
:1049F00002955B88DBF800200193654B024420465A
:104A00000093043300F0F6FEA5E62046FFF732F8E7
:104A1000DAE72046FFF72EF898F8003013F0200F61
:104A20009AF8003030D013F0100F638B27D0216D2F
:104A30003A68914223D1E26E0ABB43F0020320465A
:104A40006383FEF785F9544A13689C4209D1E368F1
:104A5000136008E0DA68944202D1E268DA6002E0AA
:104A60001346002BF6D14D4B01221A700A232375F1
:104A70004B4B1A681C60E26001F0B8F96BE643F03A
:104A8000020363830823A9E7DB067FF564AE226D8A
:104A90003B689A427FF45FAEE36E002B7FF45BAE1F
:104AA00006239BE72046FEF7E5FF98F800309F06B7
:104AB0007FF551AE638B204643F002036383FEF71C
:104AC00047F9354A13689C42C1D0002BCBD0DA6835
:104AD0009442C2D01346F8E72046FEF7CBFF9AF87F
:104AE0000030DE067FF537AE226D3B689A427FF4D8
:104AF00032AEE36E002B7FF42EAE2046FEF728F98F
:104B0000254A13689C42A2D0002BACD0DA689442AC
:104B1000A3D01346F8E72046FEF7ACFF9AF8003022
:104B2000DD067FF518AE226D3B689A427FF413AE26
:104B3000E36E002B7FF40FAE98F8003043F01003C3
:104B400088F8003007E6134B1A882AB1D4F8803071
:104B500043BB00230F4A13802046FEF713FF0028B3
:104B60007FF4A0ACD9F8003083B3A36F1BB14FF42E
:104B7000F370FDF76FF9638BD9F8002013F0100381
:104B800016D01046FDF74AFCEDE600BF02270020D4
:104B9000A42F0020DC260020A8260020AC26002020
:104BA000C02600202146206998470D30D1D179E4F4
:104BB000D4F884500DB321462069A84710F10D0F99
:104BC0003FF470AC10B1D9F80030A36798F800300A
:104BD000990605D5A36FB3B15A7B42F020025A73F0
:104BE000274B002220461A60FEF7CCFE00287FF4F7
:104BF00059AC204600F064FE54E42B46214628467A
:104C0000FEF74CFBDAE7238D42F6E062D4F88450DD
:104C100093421CBF01332385002DE1D000232146A0
:104C200020691A46A8470D30DAD13BE43CB1D9F8E7
:104C30000C30E360134BC9F80C20C3F800909AF8CD
:104C400000305C073FF5B0AB13F010043FF4F3AC59
:104C50000D4BDBF800201C880B88224402934B8804
:104C600001930A4B00930433396800F0DFFDFFF72E
:104C70009BBBB9F1000F7FF4D6ABFFF7E2BB00BFDF
:104C8000EC260020B426002002270020A42F0020BC
:104C9000024A137843F0100313707047E426002093
:104CA00010B5044618B940F29E50FDF7D3F863687A
:104CB000987B013818BF012010BD00002DE9F84392
:104CC000089D80460C4617461E469DF8289015B94B
:104CD000EC20FDF7BFF8BC422BD29DF824309A0798
:104CE00009D46B8B5B0624D4B9F1000F03D0EB6EB3
:104CF0000BB92B6FEBB104F2034525F00301B94268
:104D00000A4628BF3A4691B24FF420724046FDF75A
:104D1000CFFB054650B103681BB14FF48770FDF718
:104D200099F86B891B1B33802C816C812846BDE868
:104D3000F8832146E8E700002DE9F0470E4690464B
:104D400099469DF820A0074610B9A620FDF782F8E5
:104D500016B9A720FDF77EF84FEA8A05032006F072
:104D60008FF9044605F0040528B93046FDF756FBD7
:104D70002046BDE8F087002380F80AA01FFA85FAD4
:104D8000C0E900363389AB4202D2B320FDF762F8A6
:104D9000338930461421A3EB0A032381FDF718FB66
:104DA000064620B120460024FDF718FFE0E76368BF
:104DB000AD02D3F804A005F5A045C4F80CA0F88A0C
:104DC000FDF7B6F8AAF80000D4F80CA0388BFDF770
:104DD000AFF8AAF80200E7684846FDF7ADF878603A
:104DE00045EA0800E768FDF7A3F8B881E3689E7418
:104DF000DE74BDE72DE9F04385B004460D46164646
:104E0000DDF830801F46B8F1000F03D140F2A170E9
:104E1000FDF720F8D5F8049033462A890621284664
:104E2000009706F035F8A9F810009CB1E37AA47A4F
:104E3000062231462846CDF80880CDE900423A46A0
:104E400003F0F2FD04462846FDF7E8FA204605B0D7
:104E5000BDE8F083FF23EBE714312DE9F04189B27F
:104E60000646174624204FF420729846FDF720FB93
:104E7000054630B34389132B03D840F22770FCF763
:104E8000E9FF6C684046FDF753F82080BDF8180034
:104E9000FDF74EF8676060803046FDF74DF8A06082
:104EA0009DF81C0040F4A040FDF742F8A081BDF839
:104EB0002000FDF73DF80023E08123746374A374A0
:104EC000E3742846BDE8F08110B5044686B038B9D1
:104ED00040F24670CDE90412FCF7BCFFDDE9041294
:104EE000638D029310230193238B0093E38A606AFE
:104EF000FFF7B2FF18B1628D636A1344E36206B034
:104F000010BD000018B940F25A70FCF7A3BF7047FB
:104F10007FB505460C461E461AB940F2C470FCF730
:104F200099FF1EB940F2C570FCF794FF2846FDF7C3
:104F300003F814234EF22E0102462046CDE901313A
:104F4000BDF8243000210093BDF82030FFF784FF26
:104F5000044608B1FFF7D6FF204604B070BD00003C
:104F6000F7B5044617461E460D4619B940F28A7039
:104F7000FCF770FF5CB1207A48B1FDF733F850B907
:104F80002846FDF74BFA6FF0030003B0F0BD304642
:104F900003F07AFBF3E7009033463A462946204671
:104FA000FFF728FFF1E700002DE9F04F2DED028B10
:104FB0008FB091460446089300230791ADF8363030
:104FC00030B96FF00F000FB0BDEC028BBDE8F08F71
:104FD000B0F86230428E5B08934228BF1346002B24
:104FE00008BF1346069305F06FFC079B002BE8D023
:104FF000237D072B03D0023B022B00F20F82B9F175
:10500000000F17D0B4F864304B4506D2638B43F0E1
:10501000800363834FF0FF30D5E7B4F866202D2A74
:10502000F4D8236FEAB12BB9E36E1BB94FF4AC701F
:10503000FCF710FFB4F86630D4F86CA00493BAF112
:10504000000F16D1B4F86860002E00F07E8140F2A7
:105050004D205746D346D04655465646FCF7FAFEF5
:105060009DE013B9E36E002BE4D040F25B10DFE764
:10507000DA46DAF800B05746BBF1000FF8D19AF8DB
:105080000A50BAF80830AD00069A05F004052B4422
:105090009A4203DA40F2E910FCF7DCFEBAF8082085
:1050A000069B9A1A521BB4F8685092B2ADF836506B
:1050B000002D57D0954205D940F2FB100592FCF720
:1050C000C9FE059ABDF836304B451D4628BF4D46F2
:1050D000954228BF15465B1B521B9BB292B2ADF89E
:1050E000363043B1A945059200F0348140F20320E7
:1050F000FCF7B0FE059A4D4580F02C81002A00F0A7
:105100002181B7F80880B8F1000F00F01C81A9EBED
:105110000508089B9045A8BF9046DB071FFA88F654
:1051200022D50123314600200293089BCDE900439C
:105130000DF13603FFF7C2FD0346002800F06B8136
:1051400007993246406829440593FCF70BFB059B01
:105150001846FDF793FA049B4FF0000803449BB2F6
:10516000049317E0AA46C6E77B6819461B68002B24
:10517000FBD10A7B12F0C00F19D148894A68079900
:105180000244914213D1FDB1B0464FF40D70059326
:10519000FCF760FE059B2E44BA469B46B6B2002340
:1051A00005930993089B03F001030A93A7E00122EA
:1051B00031460020FDF77CF9002800F02C81079A89
:1051C00005902A444260C4E7B046E4E7A9EB060331
:1051D000069A9BB2934228BF13469BB208EE103A40
:1051E0000A9B6BB3059B18EE101A3820B3FA83F3B1
:1051F0005B090293089BCDE900430DF13603FFF7ED
:105200005DFD8246002839D0438918EE102A93426A
:1052100003D240F26920FCF71DFE079B18EE102A0E
:10522000DAF804009919FCF79DFA5046FDF726FAC2
:10523000049B03449BB22E2B049344D950461BE09D
:10524000BDF836301BB14FF41D70FCF703FE012290
:1052500018EE101A3820FDF72BF978B1079A0021C3
:105260000B90324442604FF420723820FDF720F951
:105270000B9B824618BB1846FDF7D0F8638B43F0B2
:1052800080036383BBF1000F02D05846FDF7C6F8D8
:10529000059B13B11846FDF7AFFCB4F86630002B40
:1052A0003FF4B8AE236F002B7FF4B4AEE36E002B57
:1052B0007FF4B0AE40F22A30FCF7CCFDAAE61946E6
:1052C000FDF7F8F9B1E7E36D00225146204633447B
:1052D0000092FFF731FD82460028CFD0059B7BB3BB
:1052E000099B1BB940F2AE20FCF7B4FD099BC3F843
:1052F00000A018EE103ACDF824A01E44B6B24E45D8
:10530000FFF464AF5E46DDF814B025B17B6823BBC3
:105310003B891D443D81BDF83630A4F8683086B322
:105320001FB940F2E320FCF795FD31467868FDF7A0
:10533000C1F93B89328913443B81C7F800B03FE093
:105340000590D6E790462E4629E7B04635463746C3
:10535000B34624E70026B046D7E71A892A441A81C3
:105360001A6862B9B3F80AC02A46586807996044B7
:105370000593FCF7F7F9059B5A892A445A811B6863
:10538000C5E7B8F1000F17D00FB17B681BB940F229
:10539000E920FCF75FFD7B681A891968424492B2E4
:1053A0001A8139B95A8942445A813B899844A7F8ED
:1053B0000880C2E70B46EFE7002FBED1C4F86CB0FF
:1053C000E36DB4F864204B44A2EB0909E365049B48
:1053D000A4F86490A4F866303BB1236F2BB9E36E58
:1053E0001BB940F21530FCF735FDBAF1000F10D0B3
:1053F000DAF80C0000283FF4E6AD089B13F0020435
:1054000007D185890820FCF793FDDAF80C30284392
:1054100098810020D7E5002305932FE76FF00A005D
:10542000D1E500002DE9F74F0D46064618B940F2C8
:105430004E30FCF70FFDF46E14B94FF0FF3006E06C
:1054400045B940F25630FCF705FD6FF0050003B09A
:10545000BDE8F08F2389AB4201D80020F7E7738EB7
:10546000AB4209D240F25E30FCF7F4FC23891BB951
:1054700040F25F30FCF7EEFC94F80AB04FF4207273
:10548000B4F808A038204FEA8B07AAEB050107F013
:1054900004071FFA81F817FA81F189B2FDF708F8BD
:1054A00081460028C9D0606822890389D9F8041090
:1054B0009B1A424639442B449BB2FDF799F940456B
:1054C00060D1E3689889FCF733FD10F00808C7B293
:1054D00016BF4FF0080807F03F0707F03707FB0734
:1054E000E36848BF48F00108586848BF07F0FE0766
:1054F000FCF722FD42462B1849463046CDF800B055
:10550000FFF71AFC8046002897D06068A5EB0A05D3
:10551000FDF7B4F8B6F866301FFA85F9181AA6F840
:1055200066006068018911FA85F189B2FDF74EF8CD
:10553000238938469944E368A4F808909D89FCF7CC
:10554000F7FCE368284398816068FDF797F8B6F8A0
:1055500066301844A6F86600D8F80400FDF78EF807
:10556000B6F866301844A6F866002368C8F800301C
:10557000C4F80080D8F8000000287FF46EAFA6F8C9
:10558000680064E74846FCF749FF56E72DE9F74312
:1055900011F0030804460E4603D140F21340FCF715
:1055A00059FC1CB940F21540FCF754FCC6F3400707
:1055B0004FF4207238204FEA87094946FCF778FFFC
:1055C000054640B9638B4FF0FF3043F0800363839F
:1055D00003B0BDE8F08343894B4503D240F23D4020
:1055E000FCF738FC294600973246E36D2046FFF76A
:1055F000A3FB05460028E5D0C3689A0703D040F214
:105600004640FCF727FC2B891BB140F24740FCF7D2
:1056100021FCE36E2BBBE5660023A4F86830B8F1EB
:10562000000F02D0E36D0133E365F30742BF638BE4
:1056300043F0200363836868FDF720F8B4F8663010
:10564000184480B2A4F866000028C1D0206F30B999
:10565000E46E002CBCD140F26940FCF7FBFB00205B
:10566000B6E71A461B68002BFBD11560D4E7000093
:10567000F8B5044618B940F2EF30FCF7EBFBE56EE5
:105680004DB12F462D68002DFBD1FB689889FCF7A2
:105690004FFC430705D020460121BDE8F840FFF745
:1056A00075BFFB6801209E89FCF742FCFB68304314
:1056B00098812846638B43F020036383F8BD000084
:1056C0002DE9F041044618B940F26760FCF7C2FBCF
:1056D000256F45B96FF00500BDE8F081FFF7E0FAEE
:1056E0000028F7D12D682B682846002BF6D1FFF74C
:1056F000D7FA06460028EDD1E36E2B60236FC4E98C
:105700001B30638B43F400636383EB685868FCF7DA
:1057100013FCEB680746B5F808809889FCF708FC8D
:1057200010F003034744304618BF012366633B442F
:10573000E364D1E7F8B5044618B940F2C560FCF758
:1057400089FB256F15B96FF00500F8BD2846FFF7F6
:10575000A7FA0028F7D12B6804F16C062367336899
:1057600083B933682B6035602B680BB9A4F86830B7
:1057700094F842300020FF2B60631CBF013384F893
:105780004230E2E7DB685868FCF7D6FBEB68074677
:105790005868FCF7D1FB381A0028E2DA3668DEE7F1
:1057A00038B5044618B940F2FD60FCF753FB236F8F
:1057B000FBB1638B5B071CD42046FFF7BBFFC0B96E
:1057C000B4F86010B4F848302086994228BF1946D2
:1057D000638E5D004A10B5EB510F2B4488BF2A46FB
:1057E0001344A4F84A20A4F84830638B43F0040320
:1057F000638338BD7FB5BDF824500446BDF82860EA
:10580000084611461A46089BCDE90056CDE9022309
:10581000FFF77EFB014638B12046DDE9022304B0E4
:10582000BDE87040FFF79CBB04B070BDF0B585B01B
:105830000D4604461146BDF82C601A46BDF830707E
:105840000A9B88B12846CDE90067CDE90223FFF71E
:105850005FFB014640B100200A94DDE9022305B058
:10586000BDE8F040FFF7C6BA05B0F0BD38B5044654
:1058700018B940F62D00FCF7EDFA206DFCF75CFB43
:10588000002102462046FFF71FFB054630B9638B17
:105890006FF0010043F00303638338BDFFF732FB71
:1058A000231D224629462046FFF75AFB638B18B179
:1058B00043F003036383F0E723F00303FAE70000F8
:1058C0002DE9F04F044687B004F0FEFF1CB940F20A
:1058D000E540FCF7BFFA237D012B03D140F2E740FE
:1058E000FCF7B8FA874B1B68A34200F06981E56EAC
:1058F0004DB9638B990740F15F81204607B0BDE841
:10590000F04FFFF7B3BF207A04F10409B4F84880E0
:10591000B4F8606040B3FCF765FB0746002800F070
:10592000678123680BB903682360EB68B04558684A
:1059300028BFB046FCF700FB2B89626C9B1A184409
:10594000404515D9B4F860304345D2D1236F002BC0
:10595000CFD194F89930002BCBD14FF4807284F8DA
:105960009A30A4F89820C4E7484602F08DFED4E7A8
:105970000023266F84F8993026B133463668002E0E
:10598000FBD11E46DFF880A1DBE0237D022B09D08E
:10599000EB681020B3F80CB0FCF7CAFAEB684BEADE
:1059A000000098812846FFF77BF9002875D1D5F8CB
:1059B0000CB0606AFCF7C0FACBF80800D5F80CB060
:1059C000608DFCF7B5FAABF80E00628D636A134484
:1059D000E362AB7AD5F80CB0DB074FD40BF1140BB4
:1059E000B4F93030002BBCBF00232386636B3BB976
:1059F000DAF800306363EB685868FCF79DFAA0633F
:105A00006A68EB6851685B1A51899BB2C91A518167
:105A100069680A89D31A0B816A68EB6853600022AF
:105A20001A745A74AB7AEA689B0003F004031433C7
:105A300013449B4503D04FF4C460FCF70BFA68682D
:105A40002346D5F80CB006210289CDF8009005F068
:105A50001FFA0623ABF810004A4601932146A37AA9
:105A600002970093E37A686802F0DEFFA8B1638BC7
:105A700043F08003638307B0BDE8F08F4A463946A0
:105A80004FF480600BF1180BFDF742F940F0017004
:105A9000FCF752FA4BF8040CA2E72B68E366237D6F
:105AA000022B1EBF638B23F003036383EB685868EC
:105AB000FCF742FA2A89EB68834605929889FCF73D
:105AC00037FA059A10F003039344226D18BF01239F
:105AD0005B44D21A002AB8BF2365EB68B5F808B05A
:105AE0009889FCF725FA10F0030018BF012010EB8D
:105AF0000B0F79D000232B60236F3BB925672E460F
:105B00001CE000BFEC260020B8260020EB68586897
:105B1000FCF712FAF36883465868FCF70DFAABEB12
:105B2000000000285EDA04F1700BDBF80030002B77
:105B300048D1DBF800302B60CBF80050E56E002D2B
:105B400037D0EB685868FCF7F7F9636CC01A2B89FB
:105B5000184440452BD8EB689889FCF7E9F94207CF
:105B600003D540F23A50FCF775F9236F002B3FF450
:105B70000CAF628B12F0440F7FF407AFE36E43B1BA
:105B8000196800297FF401AF1989638E9942BFF427
:105B9000FCAEB4F86430002B3FF4F7AEB4F86630D6
:105BA0002D2B3FF6F2AE12F0A00F7FF4EEAEE36EB7
:105BB00013B90023A4F86830638B23F08003638358
:105BC000002058E7DB685868FCF7B6F9EA680590EA
:105BD0005068FCF7B1F9059B181A0028A9DADBF820
:105BE00000B0A2E735608AE72846FCF7F7FFA5E793
:105BF0006FF003003FE700BF10B5044618B940F24C
:105C00009C60FCF727F994F842302046FF2B1CBF1C
:105C1000013384F84230BDE81040FFF751BE000068
:105C200010B5044618B940F2B160FCF713F92046EC
:105C3000FFF746FD20B92046BDE81040FFF7DCBF66
:105C400010BD000070B5044618B940F66700FCF7B7
:105C500001F9206D0138FCF76FF90021024620465A
:105C6000FFF732F9054648B1FFF74CF9231D2246EC
:105C700029462046BDE87040FFF772B94FF0FF306B
:105C800070BD00002DE9F041064618B940F69200BB
:105C9000FCF7E0F8F56E002D48D096F89A30FF2B0F
:105CA0001CBF013386F89A30EB689889FCF740F9FD
:105CB00010F00104EB68304618BF2C895A681CBFED
:105CC000B4FA84F4640984F00101FFF7FDF8074693
:105CD00078B3D0F80480F4B1B8F90C401120FCF787
:105CE00027F924F47C542043A8F80C00EB6858688A
:105CF000FCF722F9336D01301B1A002BB8BF306559
:105D00003846FFF7FFF8331D324639463046BDE8C6
:105D1000F041FFF725B9686808F114012A89038961
:105D20009B1A01229BB2FCF763FDDFE72846BDE822
:105D3000F0814FF0FF30FAE770B504460C200E46B4
:105D4000154605F09DF920B9BE20BDE87040FCF76E
:105D500081B800230C4A446003601368C0E90265FF
:105D60000BB9106070BD5968611A002901DA03602F
:105D7000F7E719461B681BB15A68A21A002AF8DA1D
:105D800003600860EEE700BF0827002038B54368CD
:105D90000446984704F0BAFE074B25681B6807497C
:105DA0002B441A1A002A2246B4BF40191846BDE8EF
:105DB0003840FFF7C1BF00BF042700208D5D0008F9
:105DC00070B504460D46164604F07EFDB4F1804FD2
:105DD00003D340F22910FCF73DF804F097FE324659
:105DE00029462044BDE87040FFF7A6BF08B504F07F
:105DF0006BFD094B1A6872B9084A126812B9084A51
:105E0000126842B101220749FA201A600022BDE857
:105E10000840FFF7D5BF08BD0C270020A8260020AA
:105E2000C0260020295E000808B5FDF7FFFC084BDE
:105E30001B6813B9074B1B6833B100220649FA20CF
:105E4000BDE80840FFF7BCBF044A136008BD00BFAF
:105E5000A8260020C0260020295E00080C2700206C
:105E600070B5064D0124064E55F8080F0134314631
:105E70002A46FFF7A5FF072CF6D170BD840901085B
:105E80008D5D00082DE9F04104F01EFD0D4E04F07B
:105E90003DFEDFF834800446316889B14B68E21A70
:105EA000002A0DDB0A680C20C8F800303260D1E906
:105EB000025705F0F1F8002DEED03846A847EBE781
:105EC000BDE8F081082700200427002010B5084C09
:105ED00004F0FAFC23683BB104F018FE23685B6809
:105EE000181A48BF002010BD4FF0FF30FBE700BF7D
:105EF0000827002008B504F0AFFC6FEA8040024B91
:105F00006FEA9040188008BD562300202DE9F04F1D
:105F1000044685B0884604F0D7FC14B9CF20FBF7BF
:105F200099FFB8F1000F02D1D020FBF793FF6389EE
:105F3000072B05D8204605B0BDE8F04FFCF76EBA38
:105F4000614F0026D4F804A03968B346786902F09E
:105F50008FFD8146BAF80000FBF7EAFF0290BAF81D
:105F60000200FBF7E5FF594B03901D684DBB26B9B6
:105F7000D8F800207B699A42DCD1BB685B7A882B19
:105F800070D1BAF80400FBF7D3FF072802D8002825
:105F9000D0D120894E4B882122890193043B009364
:105FA0000346204604F0D4FF0028C3D10821204630
:105FB000FCF712FA002862D04FF4B870FBF74AFFE2
:105FC000B8E76A8A03998A4247D1B8F1000F03D132
:105FD0008820FBF73FFF3D4B297A31B17A6892F870
:105FE00040200132D2B2914237D12968B9F1000F75
:105FF0002ED039B17869421C04D04840D8F804202A
:1060000010422AD12A7C52070ED44EB3B9F1000FA8
:106010000AD07A69013207D1D8F80000326882428A
:1060200002D0884208BF2E46AA8A02998A4214D119
:10603000696811B13A6991420FD1BBF1000F05D0E7
:10604000EA68CBF80C201A681D60EA602E4694E7D7
:106050000029D7D07A699142D4D0AB46ED6885E764
:106060002E46E1E7BAF80630002B9FD0184B1121DD
:10607000228920460093043B04F00AFF94E76EB1A6
:10608000756A002D3FF456AF029B224631460093BD
:10609000104BB06AA84705B0BDE8F08FB9F1000F0A
:1060A0007FF448AF7B6903F0F003E02B3FF442AF8D
:1060B000B9892046083109B2FCF7A8F90321204626
:1060C00002F0BAF836E700BF942F00201027002016
:1060D000A82F0020A42F00202DE9F0418846074674
:1060E000164604F0F1FB284BB8F1000F08BF9846A4
:1060F000002F44D025490B681D46D5B9002E3BD151
:1061000023484FF480444FF6FF7C068866451A46C4
:1061100016BF01364FF44046B6B282B90680D8F8B1
:1061200000307E823B6015B90B680F60FB60002079
:1061300027E0BD4201D0ED68DFE70125DEE7B2F8D8
:1061400012E0B64507D1013CA4B2002CDED1068096
:106150006FF0070015E0D268DFE7BB420BD05A8A28
:10616000B24208D1D8F800001A688242F0D0002864
:10617000EED0002AECD0DB68002BEED1CFE76FF039
:106180000F00BDE8F08100BFC00901081027002002
:10619000562300202DE9F04F054685B00F46904666
:1061A0009A46DDE90EB904F08FFB002D00F0A980BE
:1061B000002F00F0A680B8F1000F00F0A280B9F126
:1061C000000F00F09E80BBF1000F00F09A806A8AF9
:1061D0003AB13A894FF6F7739A420DD94FF0FF362C
:1061E00006E029462846FFF777FF06460028F0D04C
:1061F000304605B0BDE8F08F08213846FCF7E8F8D6
:1062000000285ED04FF4207208212420FCF750F9BA
:1062100004460028E2D03B8913B13946FCF76CFAFA
:106220006389072B03D840F20D30FBF713FE666835
:10623000688AFBF77DFE30805046FBF779FE00232D
:106240007080B371F3712B7C190709D5D8F8003031
:1062500003F0F003E02B02BF637B43F0040363739E
:106260002B7CB4F808A09A0734D5288C07282AD9A3
:10627000504528D88246FBF75BFE5346B080882104
:1062800022892046CDE9009804F062FEE8B1F08052
:106290008822D8F800304946204603F0F003CDE9C3
:1062A000012BE02BAA7A0CBF6B7FEB7A009242465F
:1062B00002F0CCFBBC4206469AD02046FCF7AEF872
:1062C00096E73C46ACE70020D5E74FF0FF33B371CB
:1062D000F371DDE75046FBF72BFEB0802B7CDB072C
:1062E0000DD422894B4611212046CDF8008004F0C0
:1062F000CFFD4FF6FF73002818BF0346F38011222D
:10630000C7E76FF00F0673E773B5069CA0B199B1AC
:1063100092B18CB105681DB105F0F006E02E06D1F2
:106320002546CDE90045FFF735FF02B070BD266870
:10633000B54204D10546F4E76FF00F00F5E76FF0C2
:106340000300F2E7F7B50D4617461E46044668B34C
:1063500061B35AB3007A28B1FBF744FE88B96FF0F5
:10636000030015E0136803F0F003E02B03D0384678
:1063700002F08AF9F2E7207F60B1FBF733FE0028D4
:10638000F5D0009033463A4629462046FFF7BCFF39
:1063900003B0F0BDA369002BE9D0064A126893420E
:1063A000E5D004F1180002F06FF9E8E76FF00F0094
:1063B000EEE700BFC4090108024620B119B1838A83
:1063C0000432FFF7BFBF6FF00F00704738B50C46BF
:1063D000054604F079FA1CB194F840400134E4B267
:1063E0002C7238BD70B504460D46164604F06CFAA2
:1063F000DCB1D5B1628A6AB12B680E4A636011685C
:10640000237C0846A68243F00403237448B9E16064
:10641000146005E021462046FFF75EFE0028EBD021
:1064200070BDA04204D0C068F0E76FF00F00F7E73E
:106430000020F5E71027002070B504460E461546EB
:1064400004F042FA0CB1C4E9096570BD10B5044608
:1064500004F03AFAB4B10C4A1368A34208D1E368D5
:10646000136021460020BDE8104004F015BE13461D
:10647000002BF6D0DA68002AF3D0A242F7D1E26806
:10648000DA60EEE710BD00BF1027002010B504F061
:106490001BFA002004F0F4FD044630B12C22002148
:1064A000FBF792F9FF23E3726377204610BD0000EB
:1064B00008B504F009FABDE80840FFF7E7BF00009F
:1064C00010B538B103682BB121B10B6813B1064B7D
:1064D0001B6803B910BD1C680268944204BF0A68B7
:1064E0001A60DB68F5E700BF1027002070B516467C
:1064F00005460C4604F0E8F916B97D20FBF7AAFC26
:106500002661AA6C13461BB92260AC64002070BDE2
:10651000A342FBD01B68F6E738B504460D4604F0ED
:10652000D3F90022A36C23B9A920BDE83840FBF7BA
:1065300091BCAB4205D11B680AB1136038BDA3649E
:10654000FCE71A461B68EEE738B5002501234A60D0
:106550000C460B810D7304F07FF90A23B0FBF3F2B4
:1065600002FB13006081284638BD000008B10023FB
:10657000037200207047000070B54B7B0C46054647
:1065800001334B730B6902219847637B092B05D9B3
:10659000072323724FF41673638170BD20460121D7
:1065A000FFF7E4FF23692846BDE870401847000064
:1065B00008B5826C02B908BD1046FFF7D7FF126814
:1065C000F8E70000F8B52D4B1D681DB1AC6C142622
:1065D0002B4F04B9F8BD237B0BB1013B23736389B7
:1065E0000BB1013B6381237A042B06D8022B2AD8F6
:1065F000013B012B0CD92468EBE7072BFBD1638906
:10660000002BF8D120460121FFF7B0FF236931E0CC
:106610006389002BEFD10223211D2846237201F04C
:10662000E9FC637A0133DBB2022B637201D9A76004
:10663000E1E704F011F90A23B0FBF3F202FB1300C7
:1066400018446081D7E76389002BD4D1637A13B9EA
:10665000042263732272211D284601F0E3FC637A51
:1066600066810133DBB2012B6372C4D9052300219B
:10667000A360236928469847BDE700BFA0260020F5
:10668000030014002DE9F3470546D1F80E80D0F839
:10669000360001F108066B8F4FF0640AD1F81890AC
:1066A000AC6C0090ADF8043014B902B0BDE8F087CE
:1066B000277A032F13D8AFB1636843450AD0B8F1E6
:1066C000000F0FD14B450DD106223146684608F028
:1066D0000DFF38B121462846FFF74EFF02E03B1F71
:1066E000022B01D92468DFE763684345FAD106220B
:1066F0003146684608F0FAFE0028F3D0062F07D18D
:1067000020460221FFF732FF236928469847E9E730
:10671000237B002BDED1211D284601F083FC84F869
:106720000CA0DFE72DE9F843074616460D4651B1A8
:106730000B6843B13AB113682BB1846C4FF6A9686A
:106740004FF006090CB9BDE8F8832A6863689342E4
:1067500017D19BB2434514D13388434511D0237AD6
:10676000052B0CD8032B0ED8013B022B09D8204651
:106770000221FFF7FBFE23693846984701E0072B0B
:10678000F5D02468DEE784F80890FAE7F8B5054606
:10679000846A04F099F895F83D30DB073CD53CB9A4
:1067A0001C21012004F03EFC0446002837D0A862DA
:1067B00023794BBB04F108061A4A28463146FFF7F5
:1067C00095FE22884FF6A9639A4216D06B8F164821
:1067D000AF6A1844FBF7B0FBFBF7AEFB7A791318EE
:1067E000124A9BB243F0294040F47E0090420DD8FB
:1067F00000F57E40FBF7A0FB2060012322683146B4
:1068000028462371FFF7A0FE002007E0084A9042C7
:1068100088BFA0F57E40EDE76FF00F00F8BD4FF0A8
:10682000FF30FBE7696800080001FEA9FF00FEA930
:10683000FFFEFEA97047000038B5856A044604F0E3
:1068400043F865B100232B714FF6A96322889A4261
:1068500005D1044B20461A461946FBF719FC0020C7
:1068600038BD00BFC0090108012913B5846A0FD0E3
:10687000022915D051B902236A4623714FF6FF73DE
:10688000CDE9003101AB2146FBF702FC02B010BD9F
:1068900063790133637102B0BDE81040FFF776BF42
:1068A0000023236002B0BDE81040FFF7C5BF000021
:1068B000836A1BB11B790BB1FFF7BEBF70470000A5
:1068C000806A48B10A6803689A4204D10079831E3D
:1068D00058425841704700207047000043798B426E
:1068E0001FBF00234171837103817047F8B5871C76
:1068F00004460D461646442F03D940F2B450FBF728
:10690000A9FA330AB8B22B550134A4B22E55F8BDFA
:10691000F8B51E46023304460D4650FA83F3174677
:10692000442B03D94FF4B460FBF794FA631CA01C0A
:106930002F559BB280B2EE54F8BD0000F8B5071D8C
:1069400004460D461646442F03D940F2BD50FBF7CE
:1069500081FA330E320C2B55631CB8B29BB2EA5449
:10696000A31C0334320A9BB2A4B2EA542E55F8BDDC
:10697000F8B50446FF2308461746661CC4F14305D4
:106980000B550021B6B2F134ADB2442E304494BF61
:106990002A460022FAF718FF442E384694BF2946AB
:1069A00000212144BDE8F84089B2FBF70FBE00008A
:1069B00013B5044600284AD0406A002847D0002377
:1069C0004382836A5A1C0AD01E33B3F5701F40D22B
:1069D0003C22B3FBF2F3012B38BF01238382C36A4D
:1069E000591C0CD01E33B3F5701F35D23C22B3FBBB
:1069F000F2F3012B38BF01239BB24381C381036BA8
:106A00005A1C0CD01E33B3F5701F28D23C22B3FBA6
:106A1000F2F3012B38BF01239BB283810382838968
:106A200042899A4202D30BB100234381C379DB0729
:106A300018D5036A00930A21436A6A460193FFF757
:106A40004DFF00F11C0101AB2046FBF721FB02B01A
:106A500010BD4FF6FF73C1E74FF6FF73CCE74FF65B
:106A6000FF73D9E790F91C20037F002A01DBFF2385
:106A7000E0E7BF2B8CBF6FF07F434FF6FF73D9E782
:106A800038B5144D2B78E3B9134C23681BB14FF480
:106A90008A70FBF7DFF9FFF7F9FC2060B0B1427AAA
:106AA0000E4942F0200242724422FFF715FB4322B6
:106AB0000A492068FFF796FC002209492068FFF781
:106AC000BBFC2B78002001332B7038BD4FF0FF301A
:106AD000FBE700BF1827002014270020C009010889
:106AE000996F000838B5094D2B781BB94FF4977092
:106AF000FBF7B0F92C78013CE4B22C7024B9044DBA
:106B00002868FFF7A3FC2C6038BD00BF18270020C1
:106B10001427002038B50023194D0446C0E9083376
:106B2000EB7813B1174BDB6883622B79E3B1154B1C
:106B30001B69E3626B79D3B1124B5B6923630B6909
:106B4000E361AB79C3B10F4B9869FBF7F5F9E379D2
:106B5000206243F00103E371EB7923B1094BD8695B
:106B6000FBF7EAF9606238BDA36A5B08E1E7A36A54
:106B7000C3EBC303DB08E1E7E37923F00103EAE7B2
:106B800019270020242700202DE9F8430E469046BF
:106B90009946054618B900273846BDE8F88300290C
:106BA000F9D04FF420724FF49A713820FBF780FC33
:106BB00007460028EFD04389B3F59A7F03D240F20D
:106BC0007A70FBF747F9B8F1030F02D17379032B01
:106BD00007D1B379254C13B903F03EFE206023683A
:106BE00033607C684FF49A7200212046FAF7ECFD7E
:106BF00001232370637095F83C30A3703068FBF775
:106C00009BF9B8F1040F60600AD0A8F10703012BCB
:106C100006D9B8F1030F05D17379043B012B01D8D4
:106C20002B68E36005F1360304F11C023C3513F8D0
:106C3000011BAB4202F8011BF9D163236FF07D0207
:106C400084F8F28084F8EC3084F8EF30352384F84F
:106C5000ED20532284F8F030012384F8EE2084F8EC
:106C6000F1300323A9F8003096E700BF4427002045
:106C70002DE9F04F446A85B00746A379082B01D966
:106C8000FFF784FD0023062120460122E361FFF780
:106C900025FE0DF10E0321463846FFF775FF054628
:106CA000002843D0466802233922BDF80E00F03692
:106CB000DFF8C4A04FF003083146FFF729FEBA8E73
:106CC0003146ADF80E00FFF711FE0323372231469F
:106CD000ADF80E00FFF71CFEADF80E00BDF80E90EB
:106CE0001AF801BBB9F1430F03D940F2AC50FBF7DE
:106CF000B1F809F1010008F1FF3806F809B080B2D7
:106D000018F0FF08ADF80E00E8D12A463146FFF72B
:106D10002FFE164B16482946164ACDE90073432329
:106D20000068FFF737FA2846FBF778FBA3790020C5
:106D3000FF2B1CBF0133A371A279052A97BF012342
:106D40004EF660239340C3EB431298BF03EB8203DC
:106D50004FF4FA729CBFDB009BB203F2F3139BB2B9
:106D6000B3FBF2F3238105B0BDE8F08FC009010841
:106D700014270020C4090108BC0901082DE9F041CD
:106D8000466A86B004460D460EB173791BB94FF4BE
:106D9000B070FBF75FF8012D08D0022D0FD05DB960
:106DA000204606B0BDE8F041FFF702BE0C21304698
:106DB000FFF794FD1423338106B0BDE8F0811F4E28
:106DC0002046334632463146FBF762F9D4F8248038
:106DD0000C2104224046FFF781FD0DF116034146C8
:106DE0002046FFF7D1FE05460028E5D04168042380
:106DF0003222BDF81600F0310391FFF789FD0746F6
:106E0000ADF81600D8F81C00FBF796F80399024677
:106E10003846FFF793FD2A460399ADF81600FFF7B1
:106E2000A7FD07484323074A2946CDE900460068E5
:106E3000FFF7B0F92846FBF7F1FABDE7C0090108F2
:106E400014270020C40901082DE9F04F074685B03A
:106E5000002800F09680446A002C00F09280012106
:106E60002046FFF73BFD03220DF10E032146384675
:106E7000FFF78AFE0646002867D0456802233922BC
:106E8000BDF80E00F035DFF80CA12946FFF740FDF4
:106E9000BA8E2946ADF80E00FFF728FD04233222F2
:106EA0002946ADF80E00FFF733FD8046ADF80E0021
:106EB000E069FBF741F8294602464046FFF73EFDF0
:106EC000042336222946ADF80E00FFF721FD804647
:106ED000ADF80E00A069FBF72FF8294602464046A0
:106EE0004FF00308FFF72AFD032337222946ADF8A8
:106EF0000E00FFF70DFDADF80E00BDF80E901AF86C
:106F000001BBB9F1430F03D940F2AC50FAF7A2FF2D
:106F100009F1010008F1FF3805F809B080B218F056
:106F2000FF08ADF80E00E8D132462946FFF720FDF4
:106F3000154B16483146164ACDE9007343230068C5
:106F4000FFF728F93046FBF769FAA379FF2B1CBF3E
:106F50000133A371A279052A97BF01234EF660235E
:106F60009340C3EB431298BF03EB82034FF4FA72D2
:106F70009CBFDB009BB203F2F3139BB2B3FBF2F3B3
:106F8000238105B0BDE8F08FC00901081427002057
:106F9000C4090108BC090108B04B2DE9F04F5D6838
:106FA00089B092466B6A0193002B6FD01B79002B3E
:106FB0006CD053892B2B69D952681378022B65D179
:106FC00095F83C4005F1360002F11C010023DEB2C9
:106FD000B44201D9062B52D15068FAF7ADFF019B9C
:106FE0001B68984252D1DFF87CB20023CBF8043002
:106FF000BAF80A20CBF800302B2A47D90393F023A4
:10700000BAF808900293D046029CB8F80A30A3421E
:1070100042D9D8F8043004934C4503D2049B195D3F
:10702000FF2945D19BF80030002B40F0F380039BF3
:10703000002B40F0F8809BF801303BB3884ADAF827
:1070400004101379052B40F00F81019B5B7903F04D
:10705000FD02012A40F0F680686AFFF75BFD95F8B3
:107060003D301B0740F1F580686A0821FFF736FCC8
:10707000C26900F134012846FFF766FA06E010F80D
:10708000017B013311F8016BB742A0D0504609B023
:10709000BDE8F04FFBF7C2B9E41AA9EB0309D8F831
:1070A0000080A4B21FFA89F9B8F1000FADD1EDE765
:1070B000A31C9BB2A342E9D3601CB8F80A209042FB
:1070C00020DA049A224452783B2905D8322921D863
:1070D000012939D003296AD0002940F0088184B2FF
:1070E000B8F80A30A34297D8E41AA9EB0309A4B26E
:1070F0001FFA89F94C45C9D2D8F80080B8F1000FC1
:1071000087D1C3E7D8F80020002A00F0E180526858
:107110001278D9E7A1F13306082EDDD801A757F878
:1071200026F000BFBB710008C7710008DB710008C2
:10713000E7710008D9700008D9700008D9700008FC
:10714000F3710008F7710008042A9FD1164606273C
:1071500014444FF6FD718C4298DC1A4494B2002E10
:10716000BED00022072F079205D94FF4D0600593B7
:10717000FAF770FE059B1BF80720002AB0D1B2B2C7
:1071800007A940460592FBF733FB059A82427FF43C
:107190007DAF042E37D10798FAF7CEFE0790012372
:1071A0002F4A0BF80730079B42F8273098E7032A4D
:1071B0007FF66CAF07270426CAE7042A7FF466AF80
:1071C00016460327C4E7012A7FF460AF0299F0292D
:1071D0007FF45CAF16460027BAE7012A7FF456AF6A
:1071E00016461746B4E7042A7FF450AF1646022726
:1071F000AEE7042AF2E7042A7FF448AF16460527D3
:10720000A6E7002268E7012E7FF440AF9DF81C300E
:107210000793C4E7124B00221B688BF80020012B58
:107220000CD0022B05D100234FF06C0903932C23C3
:10723000E8E6032B7FF4FBAE012303934FF0EC0948
:107240006C23DFE6043B012B3FF620AF686AFFF7B3
:1072500061FC2846FFF7ACFB18E700BF942F002025
:107260002427002019270020062B15D1019B5B79CC
:10727000DA1E022A02D9012B7FF408AF686A0C21BA
:10728000FFF72CFB284B28461A461946FAF700FF51
:107290002846FFF7EDFCF9E6022B7FF4F7AE019BE1
:1072A0005B79062B7FF4F2AE9BF80230002B3FF4A3
:1072B000EDAE6C6A039B906823810191FAF73CFE66
:1072C0000199A06128460B69E361FFF7BDFDDDE68A
:1072D0003B293FF601AF32290DD801293FF4D6AE44
:1072E00003293FF4D3AE00293FF4F9AE00224FF05A
:1072F000FF3700262CE7A1F13302082A81D801A626
:1073000056F822F08D7000088D7000088D7000080E
:107310008D700008037200080372000803720008F1
:107320008D7000088D700008C00901082DE9F04F2C
:10733000446A85B0032107462046FFF7CFFA0A4684
:107340000DF10E0321463846FFF71EFC06460028C5
:1073500054D0456802233922BDF80E00F035DFF81D
:10736000DCA02946FFF7D4FA4FF410722946ADF895
:107370000E00FFF7BBFA042332222946ADF80E00B7
:10738000FFF7C6FA8046ADF80E00E069FAF7D4FDC3
:107390002946024640464FF00308FFF7CFFA032381
:1073A00037222946ADF80E00FFF7B2FAADF80E000D
:1073B000BDF80E901AF801BBB9F1430F03D940F2A2
:1073C000AC50FAF747FD09F1010008F1FF3805F864
:1073D00009B080B218F0FF08ADF80E00E8D13246CF
:1073E0002946FFF7C5FA134800974323124A31464E
:1073F0000068FEF789FF3046FBF710F8A379FF2BF2
:107400001CBF0133A371A379092B96BFC3EB4312B1
:1074100042F2107303EB82034FF4FA729CBFDB005D
:107420009BB203F2F3139BB2B3FBF2F3238105B0DB
:10743000BDE8F08F14270020C4090108BC09010829
:1074400038B5456A0446E5B16B79052B09D8022B9E
:1074500009D8B3B100232046AB71BDE83840FFF72F
:1074600007BC0A2B06D100232046AB71BDE838408B
:10747000FFF75CBF0C2BEDD940F2BD30FAF7EAFC08
:10748000E8E738BD2DE9F04F446A85B0074603F0C0
:107490001BFA05212046FFF721FA03220DF10E0306
:1074A00021463846FFF770FB0546002860D0466845
:1074B00002233922BDF80E00F036DFF8C0A04FF0ED
:1074C00003083146FFF724FABA8E3146ADF80E00B4
:1074D000FFF70CFA032337223146ADF80E00FFF711
:1074E00017FAADF80E00BDF80E901AF801BBB9F10D
:1074F000430F03D940F2AC50FAF7ACFC09F101009C
:1075000008F1FF3806F809B080B218F0FF08ADF8AE
:107510000E00E8D131462A46FFF72AFA16480097AE
:10752000432304F1180229460068FEF7EDFE0646E3
:107530002846FAF773FFA3793046FF2B1CBF0133AF
:10754000A371A379092B96BFC3EB431244F62063C2
:1075500003EB82034FF4FA729CBF1B019BB203F250
:10756000F3139BB2B3FBF2F3238105B0BDE8F08FB8
:107570004FF0FF36DFE700BF14270020BC090108E9
:1075800050B1406A40B140790A2806D00438012839
:107590008CBF00200120C0B270470120FBE7000033
:1075A000F0B5446A87B0054603F08EF9002C58D038
:1075B0006379002B55D0A369284605930023C4E9BD
:1075C0000633C4E90833C4E90B33A362E3812361C2
:1075D000A382FFF7D5FF0146002844D01946204674
:1075E000FFF77CF907220DF1120321462846FFF729
:1075F000CBFA064620B3416804233622BDF81200B8
:10760000F0310391FFF784F90746ADF812000598B1
:10761000FAF792FC039902463846FFF78FF9324693
:107620000399ADF81200FFF7A3F911484323009521
:1076300005AA31460068FEF767FE3046FAF7EEFE0F
:107640000C4B28461A461946FAF722FD04F134017C
:107650002846FEF761FF23791BB1FFF743FA0023A9
:10766000237107B0F0BD2046FFF738F9EEE700BF01
:1076700014270020C009010838B5044603F024F996
:10768000002C3FD094F83D30DA073BD5A38E656AD5
:10769000B3F5107F02D24FF0FF3221E015BB482036
:1076A00003F09AFC05460028F5D0606248220021CC
:1076B0002846FAF789F8154A05F134012046FEF705
:1076C00015FFFFF7DDF902460028E4D101232B71F5
:1076D00094F83D305B070BD402212846FFF7FEF8F3
:1076E000104638BD2B79002BE0D0FFF7FBF9DDE722
:1076F0002046FFF7BDFA02460028F1D02046FFF7EA
:107700004FFFC8E76FF00F02EAE700BF7D6D00088A
:10771000604B2DE9F04F1D6885B0002D00F09D8075
:107720006B6A002B00F099805A79002A00F095804E
:10773000998A71B15A8A013292B291425A8208D121
:107740002846FFF72DFF284605B0BDE8F04FFFF7AC
:1077500093BF1A8A002A00F08380511E012A1982E1
:107760007ED16C6A6379013BDBB2092B75D840F29C
:10777000192222FA03F3DB076FD504212046FFF715
:10778000ADF803220DF10E0321462846FFF7FCF960
:107790000646002841D0476802233922BDF80E0072
:1077A000F037DFF8FCA04FF003083946FFF7B0F8D8
:1077B000AA8E3946ADF80E00FFF798F8032337225A
:1077C0003946ADF80E00FFF7A3F8ADF80E00BDF88E
:1077D0000E901AF801BBB9F1430F03D940F2AC5037
:1077E000FAF738FB09F1010008F1FF3807F809B092
:1077F00080B218F0FF08ADF80E00E8D132463946E5
:10780000FFF7B6F8244800954323244A3146006820
:10781000FEF77AFD3046FAF701FEA379FF2B1CBF75
:107820000133A371A379092B96BFC3EB431242F234
:10783000107303EB82034FF4FA729CBFDB009BB220
:1078400003F2F3139BB2B3FBF2F3628A2381A38AA0
:107850009B1A012B01DD5B10238205B0BDE8F08F80
:10786000DA89002AF9D0511E012AD981F5D16C6A32
:10787000637903F0FB02012A01D00A2BEDD12846DF
:10788000FFF700FEA389628A9B1A012BC4BF5B101D
:10789000E381E2E7A026002014270020C4090108A4
:1078A000BC0901081C4B07B5186830B1436A23B105
:1078B0001A89012A04D9013A1A8103B05DF804FB40
:1078C000FBD100221A81426A53790C2B01D0062B7E
:1078D00004D103B05DF804EBFFF7CAB9012B10D156
:1078E0009379052B04D803B05DF804EBFFF7ACBA2D
:1078F0000190FFF755FE019803B05DF804EBFFF728
:10790000BBBE032BD9D19379012BE2D803B05DF82C
:1079100004EBFFF70BBD00BFA0260020FFF740BE21
:10792000F8B518230E4D06464343EC5894B127464C
:1079300024687B6813B99B20FAF78CFA7868FAF709
:107940006DFD39460A2003F0A7FB002CEFD1182368
:107950007343EC501820002300FB06552B75F8BD2F
:10796000482700202DE9F74F0F46914698460646D6
:10797000DDE90CAB18B940F26940FAF76BFA4FF445
:1079800020721C211020FAF793FD054600284AD0EA
:1079900043891B2B03D840F27440FAF75BFA6C68FA
:1079A000BDF83C00FAF7C4FAE08096F83C30062BAC
:1079B00003D040F27B40FAF74DFAD8F800300122AC
:1079C00029463046A360B8F80430A381DBF80030C4
:1079D000C4F81230BBF80430E382DAF80030C4F89F
:1079E0000E300E9B1B6862700822A3610023A270F8
:1079F0002370E37006232371042363714FF6A96398
:107A0000BAF800209A4240F606033A46009314BFA3
:107A10004B46064B02F0EAFE2846FAF7FFFC002030
:107A200003B0BDE8F08F4FF0FF30F9E7D809010847
:107A30002DE9F74F00234FF00A0C3A4A804665467D
:107A4000E6469A46994664461646019100930A2CEA
:107A500018B292F814B017D1BBF1000F53D0B8F19F
:107A6000000F04D0D8F8007051688F423ED0BBF1AF
:107A7000010F578A42D1116800293AD000998F42EC
:107A800005D38446009702E0BBF1000FE7D1013334
:107A900018320A2BDBD1019B012B3CD10A2C0DD1D2
:107AA0000A2D32D018236B43F3581BB14FF4B77033
:107AB000FAF7D0F92C462846FFF732FF182303FBCC
:107AC00004631B7D1BB140F28510FAF7C3F9B8F1CE
:107AD000000F05D01823D8F8002003FB04635A6078
:107AE0001823204603FB04660023738203B0BDE81D
:107AF000F08F4F45CBD3B9468646C8E75745C6D326
:107B0000BA460546C3E70446C1E7BEF10A0F05D1F0
:107B1000BCF10A0F04D14FF0FF30E7E77546C9E723
:107B20006546C7E7482700202DE9F04F0C4687B08F
:107B3000804602F0C9FE002C4CD0D8F804502B88A7
:107B4000B3F5807F08D12B79062B05D16B79042BF7
:107B500002D16B88082B05D0404607B0BDE8F04F36
:107B6000FAF75CBC29462046FEF78CFDD5F80E30AE
:107B7000AF6905F1080A2668049305976EB3F21BF6
:107B8000F11A574257414E42C7F102094E415FFA7E
:107B900089F994F83C30062B03D04FF4D570FAF7EE
:107BA00059F90498E8B9EB88B3F5807F0FD177B124
:107BB0006EB9022204F136032046039204AA194644
:107BC000CDE901A205AA00925246FFF7CBFE40463E
:107BD000FAF724FC07B0BDE8F08F37464FF00209F2
:107BE000D7E7214600F044FF83460028DBD1049B01
:107BF00003F0F003E02BD6D0494604A8FFF718FFA6
:107C0000031ED0DB164A1820022100FB032989F845
:107C100014100C21C9F8084013FB0013A868D118F0
:107C2000D050BAF804308B80A9F812B0D9F80010FF
:107C30000029B8D00B680A20C9F80030D1F804B088
:107C400003F02AFA4FF4006304F136025946204645
:107C50000093534602F0CAFD5846FAF7DFFBE5E70A
:107C6000482700201FB5012400F13603054ACDE95D
:107C700002140549CDE900011946FFF773FE04B06F
:107C800010BD00BFD8090108E0090108F8B5134C80
:107C9000002502260427227D6AB1638A01339BB244
:107CA000B3F5967F638203D2012A09D1042B0FD941
:107CB0002846FFF735FE013518340A2DEBD1F8BD03
:107CC000032A01D12775F6E7042AF4D12675F2E7D5
:107CD000211DA068FFF7C6FFEDE700BF4827002081
:107CE0002DE9FF47224F18230646884603FB0273FF
:107CF00014461B7D012B03D84FF43E70FAF7AAF807
:107D0000182204EB440506F1360902FB0474ED0069
:107D1000237D05F10C0A022BBA440BD1638AB3F51B
:107D20008E7F13D9043530467919FFF79BFF08B9C8
:107D3000032323754FF400634A46414630460093BF
:107D4000534602F053FD04B0BDE8F087B3F5877FDA
:107D5000F0D301230435524649463D440393054B75
:107D600030460295CDE900634B46FFF7FBFDDEE7A9
:107D700048270020E00901082DE9F743894680469D
:107D800001461546D9F8000000F072FE00287ED1A9
:107D9000D9F8003003F0F002E02A78D0002B76D03A
:107DA00001214846FFF744FE071E03DA78B203B00C
:107DB000BDE8F0837E2F03DD40F2CB30FAF74AF8BE
:107DC000FFB2434E182303FB07631A7D002A7AD1C2
:107DD0000124C3F808801C7549464046FFF742FF5E
:107DE00038B9182303FB07631A7D012A01D104B9AE
:107DF0005882002DDBD0182303FB0762127D012A75
:107E000010D9344A03FB07632946404617704FF4E4
:107E100000620C33009208F1360202F0E7FCC6E77C
:107E20002C46D9E7C3D12C46628923899A4205D1D1
:107E300023681BB140F20340FAF70CF8237B5B0682
:107E400028D42468002CEFD12846FAF71FFC2AE03A
:107E5000013223461C68002CFAD1022A186003D88C
:107E60002046A4E70122F5E718235F43F5592B6864
:107E7000F3516868FAF7D2FA29460A2003F00CF9A0
:107E8000EEE72846FAF7CAFA4FF0FF308FE76FF0B7
:107E90000F008CE72A464FF420711020FAF7D6FC29
:107EA00005460028F0D00A2003F0EAF80028E8D0C0
:107EB000182200237A43C0E90035B358002BD1D1F2
:107EC000B050184673E7002DAAD04FF0FF3092E76C
:107ED0004827002038280020F0B5044685B00E461B
:107EE000154602F0F1FC1CB94FF44A70F9F7B2FFE5
:107EF0001EB940F22930F9F7ADFF1DB940F22A3022
:107F0000F9F7A8FF2146286800F0B2FD002865D1E6
:107F10002B6803F0F002E02A1ED101238DF809003E
:107F20008DF808305E238DF80A306B7803F07F03FC
:107F30008DF80B30AB788DF80C30EB788DF80D3078
:107F400002AB4FF4006231462046009204F1360243
:107F500002F04CFC05B0F0BD226861685A400A424C
:107F60000DD09BB24FF6A962934208D07368DB68CC
:107F70009BB2934203D0A36893B304F10805DFF8E2
:107F800070C01821184B9CF8002001FB0233197DAA
:107F900001290AD929685B68994206D131462046F1
:107FA00005B0BDE8F040FFF79BBE0F4900230F7DF1
:107FB000DAB2012F06D948682F68874202D18CF8BF
:107FC0000020EBE7013318310A2BF0D13246294665
:107FD000204605B0BDE8F040FFF7CEBE034BB0E74A
:107FE0006FF00300B6E700BF48270020D80901085A
:107FF000382800201FB5012200F13603CDE9021216
:10800000054A19460192054A0092054AFFF7AAFC63
:1080100005B05DF804FB00BFE0090108C0090108D4
:10802000D80901081FB5012200F13603CDE902127B
:10803000044ACDE90012044A1946FFF793FC05B043
:108040005DF804FBE0090108D80901082DE9F047B3
:10805000B0F8088086B007468946B8F11C0F16466E
:108060004FF024004FF4207228BF4FF01C0808F195
:108070000804A4B22146FAF71BFA054698B34389CF
:10808000A34203D240F26D10F9F7E4FE6C68394662
:10809000D7F804A00823667000264246284684F8D4
:1080A000009026716671A671E671FAF72FFBDAF877
:1080B0000C3005A8059300F0E7FA074680B1A670DA
:1080C0002046E670698902F045FF0123608005AA19
:1080D000314628460297CDE90063FF2300F0A4FC57
:1080E0002846FAF79BF906B0BDE8F0872DE9F0477E
:1080F000DFF8409186B004460F46D9F808A09AF8F8
:10810000005005F00F05AD00132D18D94389032B3E
:1081100015D943681B78082B11D1D9F8140000F049
:10812000F003E02B0BD0D9F8001000F0A1FC30B91F
:108130002389072B03D9204602F012FF28B12046DD
:1081400006B0BDE8F047FAF769B905F1100120461D
:108150001FFA85F80591FAF73BF9059900285DD0DB
:10816000238903EB080189B28B42E8D84FF42072CF
:108170001020FAF79DF906460028E0D0428905F163
:1081800008039A4203D23046FAF748F9D7E7514636
:108190002A464068F9F7E6FA29463046FAF71CF90C
:1081A00018B1B620F9F756FEEDE721463046FAF74A
:1081B00017FB0028E7D120463446FAF72FF9294665
:1081C00020466668FAF704F90028B8D165684FF6CA
:1081D000F772D9F814304146EB60D9F810304FF0FF
:1081E000FF092B6173883070284693428CBF093396
:1081F00008339BB27380002685F80890AE72EE7249
:1082000002F0A8FE01236881324609492046029700
:10821000CDE900634B4600F007FC90E72046FAF7F3
:10822000DBF80028CBD0C720F9F714FE87E700BFA2
:10823000A82F0020942F00200A460321FFF706BF35
:108240000A460B21FFF702BF274B2DE9F0431B68BD
:1082500089B007460E46904608214FF42072382018
:108260000693FAF725F9054600283AD04389446871
:10827000072B03D840F20230F9F7ECFD3B68B8F168
:10828000160F4FF008012046069308BF06F10409B7
:10829000736813BFDFF8549063600123636008BF05
:1082A0003372002684F800806670A670E67002F0D3
:1082B00051FE40F2944360804A46ADF81C300423DE
:1082C00006A92846049307ABADF81E60CDE90273FA
:1082D0000223CDE90063012300F08CFB2846FAF766
:1082E0009DF809B0BDE8F083C00901083C280020D2
:1082F00038B5437A04460D46022B05D0012B09D12F
:1083000043890BB18B4205D9022D04D80123638127
:108310000123637238BD02F09FFAB0FBF5F101FB57
:1083200015056581002DF1D0F2E70000034B044AEA
:108330001A6002F18072034B1A60704740280020D7
:10834000E00000013C28002010B5036B0BB11C6855
:1083500004B910BD20460521FFF7CAFF2468F7E7DE
:10836000006B00B9704742680B689A42FAD0006807
:10837000F7E70000F8B506460D46FFF7F1FF0446A3
:10838000C0B90B20376B02F07BFE044690B100238E
:1083900095B12A682373C4E901230D4B2A681B6831
:1083A00067B99A4203D04FF48670F9F753FD002362
:1083B000236034632046F8BD2A46EBE79A4203D196
:1083C0004FF48970F9F746FD3B6823603C60F1E7A4
:1083D0004028002010B50B490446FFF7CBFF60B1E1
:1083E00002234372037B01330373636C43B10122A5
:1083F000044920469847002010BD4FF0FF30FBE7AE
:108400001846F9E740280020F7B50E464189054691
:108410001746072905D8284603B0BDE8F040F9F70C
:10842000FDBF4468204602F095FD0028F3D139468F
:108430003046FFF795FF0028EDD02378112B08D0A8
:10844000162BE8D1437A012B04BF4FF400738360ED
:10845000E1E7124A39681268636891421BD17BB91F
:1084600063780BB90A236370336B002BD3D01E687B
:10847000002ED0D030466178FFF73AFF3668F7E734
:1084800001A930460193FFF76BFF0028C3D0617844
:10849000FFF72EFFBFE7002BBDD0F8E740280020F4
:1084A00037B50546019102F00FFA01990B6803F008
:1084B000F002E02A2ED11A4A126893422AD095F887
:1084C0003D309B0626D52846FFF754FF044620B3CF
:1084D000437ACBB9037B2BB96B6C1BB10122019999
:1084E00028469847162221462846FFF7ADFE02F09F
:1084F000B3F905230122B0FBF3F303EB83036272AC
:10850000C01A08BF10466081237B0020013323730B
:1085100003B030BD6FF00500FAE74FF0FF30F7E72A
:108520004028002038B50C46054602F0CDF92368F6
:1085300003F0F002E02A15D10C4A1268934211D0E0
:108540000B4B186870B190F83D309B060AD525B1E9
:108550002B6813B10268934204D12146BDE838402C
:10856000FFF79EBF6FF0050038BD00BF4028002018
:10857000A026002070B50E46054602F0A5F9336826
:1085800003F0F002E02A2FD1194A126893422BD04F
:1085900095F83D309B0627D531462846FFF7E0FE8B
:1085A000044608B3037B012B1BD82B6B23B11A683D
:1085B000944214D122681A60237A23B117222146EB
:1085C0002846FFF741FE6B6C1BB10022314628465E
:1085D000984721460B2002F05FFD002070BD134636
:1085E000E4E7013B0373F8E76FF00500F6E700BF2F
:1085F0004028002038B50C46054602F065F923688E
:1086000003F0F002E02A15D10C4A1268934211D00F
:108610000B4B186870B190F83D309B060AD525B118
:108620002B6813B10268934204D12146BDE838405B
:10863000FFF7A0BF6FF0050038BD00BF4028002045
:10864000A0260020F8B50E4B1D681DB12C6B02272B
:108650000C4E04B9F8BD638983B1013B9BB26381C1
:1086600063B9637A012B09D1626833689A4205D0F5
:108670001622214628466772FFF7E6FD2468E8E7E0
:10868000A0260020402800200A4A0346106878B13E
:1086900090F83D2002F00502052A06D1026832B1A9
:1086A0001B787F2B08BF00207047002070471046C2
:1086B000704700BFA02600202DE9F84304460E466F
:1086C00002F002F967683D782B09042B05D020469B
:1086D000F9F7A4FE0020BDE8F883788805F00F05BF
:1086E000F9F726FC23894FEA8509804683424D46E7
:1086F00003D901462046F9F769FF6389AB42E6D307
:1087000023894345E3D3132DE1D92946384602F0A6
:1087100021FC0028DBD13869504D00F0F00268617F
:10872000E02AFB682B6196F83D305CD19A0605D4AF
:108730007B7A112B6BD04FF000080BE005F1140190
:108740003046FFF70DFE0028F2D06A69444B9A428A
:1087500044D0B046286948B1314600F089F9002874
:10876000B5D12B6903F0F003E02BB0D0B8F1000FC6
:10877000ADD0FB8823F0C00333B1204600F00AFBE4
:1087800004460028A6D04768AF6049462046C5E9A0
:1087900000863B7803F00F039B00AB81F9F71CFECA
:1087A0007B7A062B4AD039D8012B4CD0022B4FD0E4
:1087B0004146686900F05CF960B96B6903F0F00349
:1087C000E02B07D049462046F9F720FE022120463B
:1087D000FFF732FD2046F9F721FE27E02B69002B39
:1087E000B7D1B046C5E7DB07A2D53368002B9FD0D1
:1087F0009842AED0314600F03BF90028A9D105F1EE
:1088000014013046FEF75CF8002891D0A1E707EB91
:1088100009035B88B3F5884F8DD1E2E7112B01D0B6
:10882000882BC5D131462046FDF770FB0023C5E9F2
:108830000033AB60AB81C5E904334BE731462046DA
:10884000FBF7F0FCF2E731462046FFF74FFCEDE77F
:10885000044A31462046FFF7D7FDE7E7942F002072
:10886000E0000001A82F00202DE9F04F87B004465A
:108870009B4690469DF840309DF844900293DDF869
:1088800048A0BDF85050019102F01EF8A37B012BC7
:1088900003D040F27630F9F7DDFAB8F1000F00F0BE
:1088A0009180002D00F08A80282D00F29C80EE1C23
:1088B000204626F00306B6B206F114073146BFB2D1
:1088C000F9F786FD20B16FF0010007B0BDE8F08F29
:1088D00003902A4613996068F8F744FFB542039B5A
:1088E00005D26068721B19462844F8F76DFF002313
:1088F000616876081D4631F8132001339E42154405
:10890000F9DC14212046F9F763FD0028DBD16389E7
:108910006668132B03D840F2AA30F9F79BFA86F861
:10892000099049EA0B2986F808B0C7F38707D8F8F9
:1089300000204FEA292347F0400743EA0923326128
:108940004FEA1249377019FA82F212FA83F31D4482
:10895000029B43EA0727737020893B1243EA0723EF
:10896000224F15FA83F5F9F7E3FA002370800544E6
:108970003888B371F371F9F7DBFA3A884319B0809C
:1089800001323A80019ADAB9194A126813FA82F36D
:10899000F26003EB12439AB202EB134303EB13436F
:1089A000DB437381BAF83430B3B122899A4213D9C8
:1089B00042465146204600F0A5FB86E71427A0E773
:1089C000019AE2E76389132B7FF67DAF63680DF1AF
:1089D00014081B690593E5E7DAF810304246214692
:1089E0005046984771E76FF005006EE74428002075
:1089F000C0090108F0B59C469DF814509DF8186018
:108A0000BDF824E0DDE907471AB109B10B6803B9E5
:108A1000214605956346CDE9087ECDE90664BDE8AB
:108A2000F040FFF721BF000010B5002486B0CDE96B
:108A300003440A9C02949DF8244001949DF8204030
:108A40000094FFF7D7FF06B010BD000010B500245A
:108A500086B0CDE903440A9C02949DF82440019419
:108A60009DF820400094FFF7FFFE06B010BD000007
:108A7000431E0246033312D891F83D3013F0020032
:108A800010D00B6893420CD048685340034208D181
:108A9000C34322EA0000C31A5842584170470120DC
:108AA00070470020704700002DE9F04385B00D4667
:108AB00090F9002004236E46DFF82CC13746D1B26E
:108AC00011F80C1011F0040100F08980302A27D130
:108AD00090F9012022F0200158290DBF90F90220C1
:108AE00001304FF0080E023008BF4FF0100E013079
:108AF0000024D1B200F1FF381CF8011011F0040F6E
:108B000011D0BEF1080F04D1A2F13009B9F1070F5D
:108B10001AD804FB0E24303C90F900200130E8E71D
:108B20004FF00A0EE3E7BEF1100F0DD111F0440F24
:108B30000AD001F003010A3202290CBF6121412150
:108B4000521A42EA0414E7E72E2A08D1013B46D024
:108B500008F1010098F9012046F8044BAFE712B183
:108B600011F008003CD0F01B80100130042832D8EE
:108B7000DFE800F0360B03122000B4F1807F2ED224
:108B8000009BFF2B2BD844EA03641DB12046F9F764
:108B9000D3F92860012023E0B4F5803F1FD2009A6A
:108BA000FF2A1CD8019BFF2B19D81B0443EA026340
:108BB0001C43EAE7FF2C12D80099FF290FD8019B2C
:108BC000FF2B0CD8029AFF2A09D81B0443EA016341
:108BD00043EA0223ECE7FB20F9F73CF9D5E7002054
:108BE00005B0BDE8F08300BF151D010838B50B4B7B
:108BF00004460D461A68824207D102681A6021466F
:108C00000420BDE8384002F047BA19B940F24510D7
:108C1000F9F720F923682B60F1E700BF482800200E
:108C200081422DE9F04104460E4602D1AB20F9F70E
:108C300011F92EB13368A34202D0AD20F9F70AF939
:108C400067687B689A8852BB1B6804F11C016360EB
:108C500004F108037A6853F8040B8B4242F8040BC2
:108C6000F9D101213846FFF7EBFA3846F9F706FD4E
:108C700005463846F9F7D2FB676897B92046124C8B
:108C80003146FFF7B3FF2388AB4202D2D220F9F777
:108C9000E1F8238828465B1B2380BDE8F08100258E
:108CA000EAE77B683846D3F80080F9F7E7FC05442B
:108CB000B5F5803F02DBCC20F9F7CCF83846ADB2F1
:108CC0004746F9F7ABFBD8E7462800202DE9F041ED
:108CD00005460F460026DFF868800024D8F80030EB
:108CE0002146A446204653B910B1FFF799FF064428
:108CF000BE4201DA012CF0DC3046BDE8F081D5F847
:108D00000CE05A69724509D1D5F810E09A697245AC
:108D100004D1B3F80CE0AA88964508D0013460B1BC
:108D2000C27F93F81FE096459CBF614618461A68BB
:108D3000002A18BF9C461346D5E761461846F6E759
:108D40004828002010B5044618B940F2CE20F9F7A3
:108D500081F8606908B1F9F761FB21460520BDE89B
:108D6000104002F099B9000038B5094B002418688A
:108D700000B938BDC37F056823B1013BC377044602
:108D80002846F5E72146FFF74BFF2046F7E700BFEF
:108D9000482800202DE9F74F456880462B7803F0DE
:108DA0000F03052B40F09B80E888F9F7C1F80746D0
:108DB0006888F9F7BDF82A7802F00F02B0EB820F4D
:108DC0004FEA8203C0F08B80C31AB14C40469BB27D
:108DD0000193F9F753FC2388814603443C2B75DC4F
:108DE000AC4E3468002C7FD1042002F049F90446CF
:108DF00058B949462846FFF769FF81456FDC0420D2
:108E000002F03EF90446002869D01C220021201DF2
:108E1000F8F7DAFC0F2304F1080205F11401E377F7
:108E20003368346023602B4653F8040B8B4242F8BE
:108E3000040BF9D1B5F806A0C7F30C071AF0200A05
:108E40004FEAC7070AD1019BFB189BB29F4200F271
:108E500023814FF6EB72934200F21E81D8F8045042
:108E60006888F9F765F82B7803F00F03B0EB830FF0
:108E70004FEA8302C0F01081801A1FFA80FBE88855
:108E8000F9F756F8C0F30C00D8F804600025C300C9
:108E900035700BEB03027570B57090B2F570B3804E
:108EA0008342F28000F2F880D4F804C04FF0010B46
:108EB000614641BB002D40F0AC80BCF1000F00F0DA
:108EC00098804FF4DF70F8F7C5FF92E0014628461E
:108ED000FFF7FCFE18B123884B443C2B80DD404655
:108EE000F9F79CFA00277DE0EB6862699A4208D1A5
:108EF0002B69A2699A4204D1A289AB889A4200F0F8
:108F0000DC8024686EE74A68B2F804E0734573D2E7
:108F10003160002D6AD0E9888B42C0F0BD80938813
:108F20008342C0F0B980C5F80080B3888B4240F01E
:108F3000E080BAF1000F04D0A37F13F0010300F02A
:108F40009680BBF1000F71D14FF0000B504E30886E
:108F50008144A6F80090BAF1000F06D1019B1F448E
:108F6000A37F43F00103A783A377BBF1010FB9D11E
:108F7000636804F11C01A08B5F6804F108031430DE
:108F80003D683A4680B253F804CB8B4242F804CB9A
:108F9000F9D1F8F7CDFF0023788014213846BB7152
:108FA000FB71BB72FB7201F0D5FF78816768002D01
:108FB0005FD1384B1B68A34202D01D46002B65D100
:108FC00020462946FFF712FE3846F9F757FB33884B
:108FD0000446834203D240F29B20F8F73BFF3088DF
:108FE000041B3480384603B0BDE8F08F9388834279
:108FF00052D3C4F804809CE74ED0D18899424BD814
:1090000025B1E988714518BF4FF0000B116815466E
:109010004FE7EA889A4203D94FF4DB70F8F71AFF5A
:10902000EA88C5F80080B3889A4280E76368002B1D
:109030008AD059688B88002B86D1336873B9B142C6
:1090400003D14FF4F070F8F705FF3368002B3FF4BD
:109050007DAF4FF4F170F8F7FDFE77E75A68F088BE
:10906000938898427FF470AF13681646E6E79B46F4
:109070006CE7D5F8048014212846F9F7ADF92946A4
:109080003846F9F717FBD8F8005090E72B6892E7BD
:1090900046280020482800206368002B7FF41FAF7B
:1090A000174B1B68A34203D040F2AB20F8F7D2FE67
:1090B00000212046FFF79AFD11E7E888F8F738FF0E
:1090C000C0F30C0000287FF4B5AEE089F8F730FF5C
:1090D000C0F30C0000283FF4ADAE2B4604F10802AB
:1090E00005F1140153F8040B8B4242F8040BF9D13B
:1090F000A0E6BAF1000F3FF427AF4FF0000B1BE7DB
:10910000482800202DE9F04F2DED028B8B8E08EEC4
:10911000102A8BB00546B3F114028A4648BFA3F16A
:109120000D02C2F3CF030593436802931B7803F04B
:109130000F03052B4FEA830740F0BB804389132BB5
:1091400040F2B780029B0026D888F8F7F1FEC0F302
:109150000C032C89039300F40053143C0793059BE4
:10916000A4B2DB009BB206932CB920460BB0BDEC39
:10917000028BBDE8F08F069B4FF420721421102063
:10918000A34228BF23460493F9F792F9804680B39F
:109190004389132B03D84FF44970F8F75BFE029B09
:1091A000D8F804201946143153F8040B8B4242F8C6
:1091B000040BF9D1D8F804B0DDF81090B9F1000F24
:1091C0003FD06B89DE1BBB42B6B203D240F22D30DA
:1091D000F8F740FE4E4528BF4E4616B92D680027C9
:1091E000ECE7052001F04CFF034628B94046F9F7AB
:1091F00015F94FF0FF30B9E7019631466A680890DB
:1092000000203A4400924122F9F7C8F8089B20B99F
:109210001946052001F040FFE8E7CDE90803A9EB76
:1092200006092846F9F732FA099B234A1FFA89F9F9
:10923000089940465D611A61F9F73CFAB9F1000FEF
:10924000CCD1039B3744C3F30C00BAF83430BFB21F
:10925000133BA34201DD079B0BB140F40050F8F72C
:1092600067FE049BABF8060003F1140080B2F8F728
:109270005FFE00231421ABF802008BF80A30584639
:109280008BF80B3001F066FE18EE102AABF80A00DE
:109290004146DAF81030504698474046F9F7BEF894
:1092A000049B059AE41A039B1344A4B29BB2039354
:1092B0005AE76FF0050059E7458D00081FB5C369EF
:1092C00002938369019343690093D0E90323D0E9B2
:1092D0000101F8F741FF00280CBF6FF00B000020E0
:1092E00005B05DF804FB000010B5C4680346406893
:1092F0001CB12346BDE8104018479B68984720469C
:1093000010BD000030B50E4C89B0002914BF0D46C9
:109310002546002A14BF11462146002B18BF1C46C3
:109320000C9B05930D9BCDE90314069369460E9B98
:10933000CDE901050348079301F0C8F909B030BD34
:10934000C0090108BD92000800B589B0CDE901014E
:1093500069460348039201F0B9F909B05DF804FBCE
:10936000E9920008082808B508D0202806D004286B
:1093700004D040F66630F8F76DFD002008BD00000F
:109380002DE9F04707460E460025DFF85C802C01EA
:1093900001F0C2FB54F808A0BAF1000F1CD108EB91
:1093A000040948F8047001F0BFFB99F80E30C9F8C1
:1093B00004A01BB140F23520F8F74CFD44440022D4
:1093C00022813B78A28103F0F003102B18BF012605
:1093D00066812846BDE8F087013501F0A5FB402DE8
:1093E000D5D14FF0FF35F4E7502B00202DE9F04F99
:1093F00000248BB083460F4690469946504E254632
:109400004FF0010ACDE90444CDE90644CDE9084412
:109410005D4510DBDDE90401149B83E80300DDE911
:109420000601159B83E803000AAB13E90300169BB2
:1094300083E8030080E047B16A0905F01F0357F88D
:1094400022200AFA03F3134217D1B8F1000F08D013
:109450006A0905F01F0358F822200AFA03F31342A1
:109460000BD1B9F1000F60D06A0905F01F0359F85C
:1094700022200AFA03F3134257D001F04DFB3F2D8F
:1094800056D873897168B6F908200193B38903919E
:109490000093029201F048FB019BCFB14FEA551EA9
:1094A00005F01F0C57F82E000AFA0CFC1CEA000FFE
:1094B0000ED0DDE9022109B9002A09DD0AAA01342A
:1094C00002EB8E0151F8182C42EA0C0241F8182CDC
:1094D000B8F1000F12D0680905F01F0158F82020DC
:1094E0000AFA01F1114209D043B10AAB013403EB8E
:1094F000800252F8103C0B4342F8103CB9F1000FC7
:1095000013D06B0905F01F0159F823200AFA01F165
:1095100011420AD0009A42B10AAA013402EB830236
:1095200052F8083C0B4342F8083C013510366FE70F
:109530004FF0FF3401F0F8FA20460BB0BDE8F08F91
:10954000502B0020002A2DE9F34789469846ACBFEE
:1095500016466FF00046074618B94FF47170F8F7D9
:1095600079FC3B681B7803F0F003102B03D040F22A
:10957000C530F8F76FFC18F0080F4FF000056FF0DA
:10958000004A0CBF08220C227B68002B37D00193C5
:10959000019809EB05010489B442A8BFB4B2AAEB53
:1095A0000403AB424FF00003BCBFEC43A4B222461D
:1095B0002544F9F71DF9B44203DD40F20340F8F702
:1095C00049FC18F0010F45D1019B1B89A34203D22E
:1095D00040F20940F8F73EFC019803891B1B002B61
:1095E00033DD2146F9F732F87860361B1C22002E55
:1095F000CADC8DB32946386801F00EFE09E001A9E6
:10960000386801F0B9FF0446B0B135B118F0010F68
:10961000F0D0284602B0BDE8F08702F0E3FE30B19A
:1096200005F05EFF0546204602F0DCFE28600F34A0
:1096300018BF01246542ECE7019B1BB940F2EB30F7
:10964000F8F708FC019B7B60A2E700237B60F8F73A
:10965000E5FECAE7002DDCD10025DAE73F2808B592
:1096600005D8064B020103EB00109B5823B905F007
:1096700037FF09230360002008BD00BF502B0020E6
:1096800070B588B00E4615460193FFF7E7FF019BC2
:1096900018B94FF0FF3008B070BD0DF10A0203A9F0
:1096A000006801F077FD044658B102F09BFE0028E7
:1096B000EFD005F015FF0546204602F093FE286026
:1096C000E7E74FF40473BDF80A00ADF81030F8F77F
:1096D0002FFC039B04A9ADF8120030460794CDE996
:1096E00005342B68102B84BF10232B602A68F8F7F1
:1096F00039F80020CFE700002DE9F0470E46054677
:10970000002843D08469002C0FDA01F005FAAC6917
:109710000346002C07DA0EB9013CAC611846BDE8DF
:10972000F04701F001BA01F0FFF92046FFF796FF7C
:10973000054658B301F0F0F90746042E3AD8DFE8A1
:1097400006F003272C3336002B8901331BB2012B83
:109750002B81CCBF00230123AA7B002A54D0002BED
:1097600052D03846B5F90860B5F80A806709B5F8EF
:109770000C9004F01F0401F0D7F94FF0010A01F03A
:10978000A3F8224B0AFA04F41D68CDB9BDE8F087AE
:109790002B89013B2B810023DEE76B890122B3FA81
:1097A00083F36A815B09D7E700236B81D4E7012348
:1097B000AB81D1E740F61D20F8F74CFB0123CBE746
:1097C0006B69FBB9002E05DDAB681BB153F8273080
:1097D0001C4211D1B8F1000F05D0EB681BB153F852
:1097E00027301C4208D1B9F1000F0BD02B694BB1C7
:1097F00053F827301C4205D005F11800C5F814A015
:1098000001F06AF92D68C0E7384688E74C28002047
:10981000F0B5064685B00F461C4615461AB940F20B
:109820002E40F8F717FB1CB940F22F40F8F712FB57
:109830004FF404733846ADF80030F8F779FB33681D
:109840006946ADF80200284601930023CDE90233B2
:109850002368102B84BF102323602268F7F782FF50
:1098600005B0F0BD2DE9F74F9846936807460E46C0
:10987000144613B9D368002B54DC16F0080F7B682C
:1098800014BF0422002201936BB901A9386801F0CA
:1098900015FE002848D1019B1BB940F28440F8F71F
:1098A000D9FA019B7B60019B4FF000091B68CB46F6
:1098B000B3F808A0E368994501DADA4519D82268B7
:1098C0003AB163682BB10198231D81890830FFF7F5
:1098D0009FFF00232269A36102B1636116F00106B4
:1098E00003D101987E6002F08BFD0020A8F800A053
:1098F0001AE0A168AAEB0B054FEAC90001EBC90306
:1099000009F10109ADB209585B680198AB420068E2
:1099100098BF9DB25B462A465D44F8F769FF1FFA7F
:1099200085FBC7E76FF00F0003B0BDE8F08F0000C4
:10993000F8B504460E4601F0EFF800236568276885
:109940006360236001F0F0F81DB128463EB1F8F7DE
:1099500065FD3FB13846BDE8F84001F00DBC02F0AE
:109960004FFDF6E7F8BD0000F0B5002389B00F46C3
:109970001646ADF80630FFF771FE054620B94FF0E8
:10998000FF34204609B0F0BD02A9006801F0DAFCFE
:109990000446E8B12B681B7803F0F003102B04D0C9
:1099A00005F09EFD5F230360E9E710F10F0F03D17F
:1099B00005F096FD1623F6E702F014FD0028DED030
:1099C00005F08EFD0546204602F00CFD2860D6E726
:1099D000029B1BB940F2B220F8F73CFA0121029831
:1099E000FFF7CEFC431C044607D1029801F0C4FBEC
:1099F00005F076FD17230360C3E73F2803D940F243
:109A0000BB20F8F727FA01F087F8029B9D699C615B
:109A100001F08AF8029B1B6B3BB1ED432DB200F0C5
:109A200043FF002D21DC00F047FF002FA9D0002EBE
:109A3000A7D000230DF1060203A9029801F0AAFBAA
:109A40000546C8B11948012100EB0410FFF770FF6B
:109A5000284602F0C7FC002891D005F041FD0446DD
:109A6000284602F0BFFC206089E702980022013DF1
:109A7000036B11469847D4E74FF40473BDF8060012
:109A8000ADF81030F8F754FA039B04A9ADF81200B2
:109A900038460795CDE905353368102B84BF102370
:109AA00033603268F7F75EFE6BE700BF502B002093
:109AB00073B50C461646FFF7D1FD054618B94FF0B1
:109AC000FF3002B070BD102E04D16378022B01D19B
:109AD000A3070ED06FF00F0002F084FC0028EED038
:109AE00005F0FEFC04466FF00F0002F07BFC2060E6
:109AF000E5E7636860880193F8F71AFA01A902465E
:109B0000286801F05DFB04460028DAD002F06AFC08
:109B10000028D4D005F0E4FC0546204602F062FCA3
:109B20002860CCE72DE9F7430546FFF797FD064689
:109B300020B94FF0FF3003B0BDE8F0830468002C7B
:109B400037D0247804F0F004A4F110035C425C41A7
:109B50002846FFF783FD0746D0B11D4D4FF0400862
:109B60004FF000092B689F420DD1AB6801AAC5F8E0
:109B70000890694600936B6801930123C5E9009939
:109B8000386801F005FDB8F1010805F10C05E9D1CF
:109B9000306801F0E1FA0546A0B102F023FC00288C
:109BA000C7D005F09DFC0446284602F01BFC20604F
:109BB000BFE7436823B140F23A30F8F74BF9C7E703
:109BC0001C46C5E730462146FFF7B2FE2846B2E7FD
:109BD0005028002038B50C46FFF740FD054610B967
:109BE0004FF0FF3038BD84F308010068C9B201F0BE
:109BF00001FB04460028F5D02B681B7803F0F00326
:109C0000102B04D005F06CFC5F230360E8E702F042
:109C1000E9FB0028E4D005F063FC0546204602F08D
:109C2000E1FB2860DCE700002DE9F0418CB00C4638
:109C300017460193DDE91285FFF710FD064600285F
:109C400044D0036801991B7803F0F003102B1AD15C
:109C50000B463A462146FFF775FC0446B8F1000F63
:109C60000DD065B1002303AA05A9306801F092FA6E
:109C70002B464246BDF80C1005A8FFF7C9FD20464B
:109C80000CB0BDE8F0810023CDF81480ADF80A30A7
:109C90000B93CDE9093303AB07930123CDE90347C8
:109CA0000893B5B12B68069305AA0DF10A03304657
:109CB000FFF7D8FD044670B102F094FB30B105F017
:109CC0000FFC0546204602F08DFB28604FF0FF3464
:109CD000D5E72B46E7E7BDF80A40BC4228BF3C4623
:109CE000002DCCD0069B2B60C9E700002DE9F04188
:109CF00086B00746154601910093DDE90C48FFF751
:109D0000ADFC0646DDE9003120B94FF0FF3006B06A
:109D1000BDE8F0810268127802F0F002102A06D144
:109D20002A46384606B0BDE8F04100F053B8B5F514
:109D3000803F04D305F0D4FB7A230360E5E7AAB2A1
:109D400084BBB8F1000F35D10023CDE902333CB319
:109D5000636860880493CDE90021F8F7E9F80446C8
:109D6000DDE9002102A8ADF8144002F067FB0446CB
:109D700020B902A9306801F065FA044602A802F091
:109D800051FB204602F02EFB30B105F0A9FB064640
:109D9000204602F027FB3060002CB6D12846B6E7FB
:109DA0000494DFE7B8F1100F04D16378022B01D1DE
:109DB000A307C9D06FF00F0002F014FB0028A4D055
:109DC00005F08EFB04466FF00F0002F00BFB2060E5
:109DD0009BE7000030B587B005461C46CDE902215F
:109DE000FFF73CFCDDE9022118B94FF0FF3007B066
:109DF00030BD03681B7803F0F003102B07D000235D
:109E00002846CDE900332346FFF770FFEFE714F053
:109E1000100F4FF000054FEA640414BF0323012321
:109E2000059504F0040405AD23430095006801F096
:109E30006DFA044602F0D6FA30B105F051FB054642
:109E4000204602F0CFFA2860002CCED10598CEE74C
:109E5000022938B5134612D0032905D0012916D19D
:109E6000174A0021102002E0154AD9B2402001F023
:109E70003BF9044698B905F033FB69230AE0882AC8
:109E80004FF000010E4A0CBF21202020EFE705F023
:109E900027FB16234FF0FF350360284638BD00210D
:109EA000FFF76EFA431C054607D1204601F064F91E
:109EB00005F016FB17230360EFE7A061EDE700BF95
:109EC000F99600082DE9F04F402897B08A46914650
:109ED0009846209E069009D905F002FB16230360E0
:109EE0004FF0FF34204617B0BDE8F08F0DAC029460
:109EF0000BAC019409AC0094FFF778FA051E03DA65
:109F000005F0EEFA0923EAE740F02E813EB1D6E9EA
:109F10000023134303D1B468002C00F0C3800FACBE
:109F200000211C222046F7F74FFC002115A8CDF890
:109F30004C80CDE911A900F0A9FD18B105F0D0FAC7
:109F40000C23CCE700F0B0FC884A13680F9303B1F0
:109F50005C60146000F0B0FC854B2F4601221C466B
:109F60000593069B9F4212D10DAB4A465146384697
:109F700002930BAB019309AB00934346FFF736FA0C
:109F8000041E4ADA05F0ACFA092303603DE0BAF199
:109F9000000F08D0780907F01F015AF8200002FAD4
:109FA00001F1014217D1B9F1000F08D0780907F08B
:109FB0001F0159F8200002FA01F101420BD1B8F15A
:109FC000000F27D0780907F01F0158F8200002FA87
:109FD00001F101421ED000F09FFD94F80EB00BF18C
:109FE000010B5FFA8BFB84F80EB0BBF1000F0ED1B2
:109FF0005F4B03EB0714FF23A3734FF0FF3400F014
:10A0000093FD05F06DFA1023036000261AE000F0BE
:10A010008BFD012201371034A3E7F6D1002E5AD070
:10A02000B1684FF47A73326801F5FA7191FBF3F17C
:10A0300003FB02110129B8BF012115A800F03AFD68
:10A04000069F06464FF0010BBD4246D100F02CFCA6
:10A050000F9B0BB1109A5A60444D0FAA109B2968B0
:10A06000914278D11BB140F23370F7F7F3FE0F9BAA
:10A070002B6000F021FC15A800F032FD002CFFF64B
:10A080002FAF01360ED00DAB4A46514606980293CB
:10A090000BAB019309AB00934346FFF7A7F9041EEE
:10A0A000FFF62EAFBAF1000F03D0DDE909018AE80F
:10A0B0000300B9F1000F04D00BAB93E8030089E86B
:10A0C0000300B8F1000F3FF40DAF0DAB93E80300B0
:10A0D00088E8030006E72146AFE7BAF1000F08D091
:10A0E0006A0905F01F035AF822200BFA03F3134202
:10A0F00017D1B9F1000F08D06A0905F01F0359F80C
:10A1000022200BFA03F313420BD1B8F1000F1DD03C
:10A110006A0905F01F0358F822200BFA03F31342D3
:10A1200014D000F0F9FC059B02469B7B2BB90790ED
:10A1300040F66500F7F78EFE079A059B9B7B13B1EF
:10A14000013B05998B73104600F0EEFC059B013531
:10A150001033059378E71BB940F23670F7F77AFEB3
:10A16000DDE90F231A6084E72C469BE74C2800208A
:10A17000502B00200123FFF783BA00002DE9F3479D
:10A180000A9F82460C4616461D46FFF767FA20B125
:10A1900035B905F0A5F90E2303604FF0FF3472E0E6
:10A1A00000F082FBBAF13F0F06D9092400F084FBCE
:10A1B00005F096F90460F0E7DFF878934FEA0A18A3
:10A1C00059F80830002BF0D0882C00F08B8109DC86
:10A1D000002C00F0AF80062C00F05F816D2400F0B1
:10A1E0006BFBE5E740F6FF729442F7D141F20B02B8
:10A1F0009642F3DC41F20102964211DC082E06D0B1
:10A20000202EEBD11B7803F0F003202BE6D1304653
:10A21000FFF7A8F8032F1FD8162400F04DFBC7E75F
:10A22000A6F58056023E092ED8D801A252F826F093
:10A23000ABA20008DDA10008DDA10008DDA1000837
:10A240008FA20008DDA10008DDA10008DDA1000843
:10A25000B5A20008EDA2000859F80830002BDBD0A9
:10A260005B68002BD8D02C6840B293F909202CB140
:10A2700010435872002400F01FFB04E022EA0000A3
:10A28000587200F019FB204602B0BDE8F0870F2F8E
:10A29000C2D94FF47A71AA68286892FBF1F201FBE7
:10A2A0000022002AB8DBDA61E4E7032FB4D92A6878
:10A2B0001A62DFE7032FAFD95A68002AACD01B78A7
:10A2C00003F0F003202B89D1137C13F0020603D096
:10A2D0006A2400F0F1FA6BE72C681CB143F001032B
:10A2E0001374C7E723F001031374CAE7052F93D94A
:10A2F00095F9001041B12846F7F788FE014618B9D4
:10A30000132400F0D9FA53E759F80820137803F022
:10A31000F003102B06D0202B08D040F6AA50F7F7F8
:10A3200099FDA7E75068F8F797FBA3E75068FCF79B
:10A330004DF89FE7721E062A3FF650AFDFE802F0A5
:10A340000E044E4E18283800032F7FF665AF5B6869
:10A35000002B3FF461AF2A68DA7292E7032F7FF691
:10A360005BAF5B68002B3FF457AF2A689A7288E7AF
:10A37000002F3FF451AF5A68002A3FF44DAF1B78CD
:10A3800003F0F003202B7FF429AF2B78537778E785
:10A39000032F7FF641AF5A68002A3FF43DAF1B7888
:10A3A00003F0F003202B7FF419AF2B68936168E76B
:10A3B000002F3FF431AF5A68002A3FF42DAF1B78CD
:10A3C00003F0F003202B7FF409AF2978137C11B13F
:10A3D00043F0080388E723F0080385E7072F58D9DF
:10A3E0005A68002A55D01B7803F0F003202B52D175
:10A3F0006B68032E00932B68019323D15046FFF71F
:10A400002DF9E8B100234A4A0C2505FB03F18E58CB
:10A410009EB953185050009A01A968465A60019A93
:10A420009A60FEF77FF80546002D18BF7D2400F0E6
:10A4300043FA002C3FF427AFBAE60133402BE4D1B6
:10A440000C24F4E701A96846FEF7D4F80546504607
:10A45000FFF704F90028E7D0354A0023DDE900675B
:10A460009446116888420FD15168B1420CD191686D
:10A47000B94209D10C22534300220CEB03004CF8E3
:10A480000320C0E90122CFE701330C32402BE8D191
:10A49000CAE71624CBE76D24C9E7032F7FF6BCAECD
:10A4A0005A68002A3FF4B8AE1B7803F0F003102B73
:10A4B0007FF494AE137D012B3FF4AEAE012E06D097
:10A4C000022E7FF48BAE2B68C2F89430D2E62C6853
:10A4D000538B1CB143F040035383CBE623F040037E
:10A4E0005383CEE6032F7FF697AE5A68002A3FF4D7
:10A4F00093AE1B78212B7FF471AE012E0DD0022E6E
:10A500007FF46CAE2B6833B1A3F108004FF6F771FE
:10A51000884288BF0823D383ACE62B6833B1A3F10C
:10A5200008004FF6F771884288BF08231384A1E61C
:10A5300050280020502B002008B50346084611463D
:10A54000022B03D1BDE80840FEF7AEBA04F0C8FF05
:10A550006A2303604FF0FF3008BD000007B500F02C
:10A56000B1F900F0A1F9264B1B6813B1254A106818
:10A570009847254D00F0A8F9FBF7A8FC431C0446BA
:10A580000ED100F099F9002201A9284600F034FA12
:10A5900000F08AF9019CA4B99120F7F75BFCE9E788
:10A5A00010B9FBF76FFCE5E700F086F9224601A938
:10A5B000284600F021FA044600F076F90134F0D084
:10A5C000E8E72378012B0FD0022B13D0B3B96068D2
:10A5D000D4E90213984710B16068F7F71FFF2146CE
:10A5E000092000F059FDC5E7D4E90130984721461C
:10A5F0000820F6E7D4E901309847BBE7D420CCE740
:10A60000542F0020582F00205C2F0020F8B5104B4D
:10A6100007460E4615461B681BB940F20110F7F7B6
:10A6200019FC092000F02CFD044668B10023014606
:10A63000C5600370C0E90176054800F07BF928B1D8
:10A640002146092000F028FD4FF0FF30F8BD00BF83
:10A650005C2F002091F83D3013F0180F14BF024A10
:10A66000024AFFF7D3BF00BF49A70008B986000818
:10A670000F4B70B51B6806460D461BB94FF4B17001
:10A68000F7F7E8FB082000F0FBFC044660B101236B
:10A6900001460370C0E90165054800F04BF928B197
:10A6A0002146082000F0F8FC4FF0FF3070BD00BFDD
:10A6B0005C2F002013B50446019100F0F5F80198D5
:10A6C000A04700F0F9F8002002B010BD13B5044611
:10A6D000019100F0E9F80198A047019000F0ECF832
:10A6E000019802B010BD000037B505460C4600F0D9
:10A6F00059FC0F4B00210F481D600F4B1C6000F0F0
:10A70000E5F818B140F29120F7F7A4FB0B4800F0F0
:10A71000EDF918B140F29520F7F79CFB01230849A9
:10A720000848009300231A4600F098F803B030BDA3
:10A73000542F00205C2F0020582F0020502F002085
:10A740005DA50008C809010870B504460D4600F073
:10A75000BBF863890E2B1AD96068E37B86891BB925
:10A7600095F840300133E3730378D9070AD5012BFC
:10A7700011D1437833B983785E2B03D1637B43F0E7
:10A7800010036373082E10D0B6F5C16F1DD020469C
:10A79000F7F744FE17E00622134904F0A7FE00284D
:10A7A000F0D1637B43F00803EBE795F83D301A07DF
:10A7B000EDD50E212046F7F70FFE0028E7D12946F8
:10A7C0002046FDF779FF002070BD95F83D301B074E
:10A7D000DDD50E212046F7F7FFFD0028D7D1294609
:10A7E0002046FDF7A1F9EEE7D80901082DE9F0416F
:10A7F0000D460446BDF8180016461F46F7F798FBAD
:10A800000E2180462846F7F7E3FDD8B900F05CF842
:10A810006968A1F80C803B680B60BB888B8033684B
:10A82000C1F80630B3884B8194F83C30062B03D036
:10A830004FF49D70F7F70EFB636929462046BDE88B
:10A84000F04118476FF00100BDE8F081704700004B
:10A85000036800211B68184704F07ABE2DE9F34114
:10A8600005460820884617461E4600F0E3F90446D0
:10A8700008B1C0E900876368B6F5006F30464FF055
:10A880003C02B8BF4FF4006000932946236803F0F0
:10A89000CFFF18B92946034800F07AFA204602B0E3
:10A8A000BDE8F081E8090108024808B5FFF7D0FFCC
:10A8B00008BD00BF602F0020014800F0CBB900BFE9
:10A8C000602F00207047000070470000F8B5064672
:10A8D0004FF4157000F0AEF90446D0B1002104F534
:10A8E0000E7700F50270002500F01EFA002104F535
:10A8F000087000F019FA0021384600F015FA3846C1
:10A90000C4E9005500F0C4F92846C4F85052346038
:10A91000F8BD4FF0FF30FBE710B550B1046844B10B
:10A9200004F50E7000F0ACF92046BDE8104000F0D0
:10A9300087B910BD70B50E46044608B1036813B957
:10A940009620F7F787FA246804F50E75284600F07C
:10A9500097F9D4E9000300F17E029A4205DA28460D
:10A9600000F096F94FF0FF3070BD594203F07F02BE
:10A9700001F07F0158BF4A42984202F1020244F8B6
:10A98000226003F10102626003D104F5027000F05D
:10A990007FF9284600F07CF90020E5E770B50468EF
:10A9A0000D4604F50E76304600F06AF9D4E900321F
:10A9B000934205D1304600F06BF94FF0FF3070BD87
:10A9C00055B15A4203F07F0302F07F0258BF534251
:10A9D000023354F823302B60236801332360D4F80A
:10A9E00050321BB104F5087000F052F9304600F007
:10A9F0004FF90020E3E700002DE9F8430E46174623
:10AA0000044608B1036813B9FD20F7F723FA246858
:10AA10004FF47A7804F50E7508FB07F804F502790F
:10AA2000284600F02DF9D4E90032934213D128468C
:10AA300000F02EF947B14146484600F03FF930B9E1
:10AA40004FF0FF30BDE8F883484600F019F928467A
:10AA500000F016F9E7E756B15A4203F07F0302F01F
:10AA60007F0258BF5342023354F8233033602368C7
:10AA700001332360D4F850321BB104F5087000F0A4
:10AA800007F9284600F004F90020DBE770B5054619
:10AA900018200E4600F0CEF8044620B1311E18BF33
:10AAA000012100F041F9B4FA84F02C6040094042E1
:10AAB00070BD000008B50068036831B95B6898474D
:10AAC00080F00100C0B2404208BD4FF47A721B68AA
:10AAD00051439847F4E7000000680368DB681847B3
:10AAE000006810B103689B691847704738B5054680
:10AAF000182000F09FF8044608B100F009F9B4FAF4
:10AB000084F02C604009404238BD000000F04CB990
:10AB100000F044B970470000024808B5FFF798FEFE
:10AB2000002008BD782F0020014800F093B800BF36
:10AB3000782F002010B5044600F082F8204610BDA2
:10AB400010B50A4C204600F0E3F82046084C094AAC
:10AB5000094904F0ADFC204600F0DAF82046054A29
:10AB60000549BDE8104004F0A3BC00BF782F0020C9
:10AB7000602F0020902F00204DA8000810B5302332
:10AB80000C4683F31188002104F1180002F0E0FF65
:10AB90002346044A2046E16903F05CFB002383F36B
:10ABA000118810BD7DAB000800F11803C1618361FD
:10ABB000002303607047000013B530230446C169C9
:10ABC00083F3118803681BB1019103F04DFB0199D8
:10ABD0002346044A204603F03DFB002383F31188FB
:10ABE00002B010BD7DAB000810B509490446F6F768
:10ABF000D7FD28B107492046F6F7D2FD28B9012034
:10AC0000054B142202FB003010BD0020FCE700BF02
:10AC1000080A0108780801089C18010810B50C46BC
:10AC2000FFF7E2FF10B183682360006910BD0000E8
:10AC3000704700000121884238BF084603F0F0BD8C
:10AC400008B103F0F1BD7047036800211B68184785
:10AC500070470000043008B503F018F8012008BD63
:10AC600010B521B10368BDE810405B681847043097
:10AC700002F0E0FF012010BD043002F0FDBF000033
:10AC800008B5043003F038F9B0FA80F0400908BD87
:10AC900008B5302383F31188C368002B02DC04302D
:10ACA00003F05CF903F000F9002383F3118808BD79
:10ACB00010B50446FFF7C4FF204610BDF8B5051DCA
:10ACC0000C4671B14EF66027BC422646284628BF86
:10ACD0003E46314603F038F950B1A41BF4D120466A
:10ACE00005E0284603F030F9B0FA80F04009F8BDDD
:10ACF0000120FCE708B5302383F31188C368002BDB
:10AD000002DC043003F02AF9002383F3118808BD24
:10AD1000044B10B5044640F8043B02F049FF2046BE
:10AD200010BD00BFF0180108044B10B5044640F8F0
:10AD3000043B03F0C5F8204610BD00BFCC18010845
:10AD400001F098BD00B59BB0EFF309816822684619
:10AD5000F6F708FDEFF30583014B9B6BFEE700BFA1
:10AD600000ED00E008B5FFF7EDFF000000B59BB077
:10AD7000EFF3098168226846F6F7F4FCEFF30583E8
:10AD8000014B5B6BFEE700BF00ED00E0FEE700005B
:10AD90000FB408B5029803F00BF9FEE7014B586AAF
:10ADA000704700BF000C004003F09ABD13B50023AC
:10ADB00010F00104ADF8063007D09942C2BF10F878
:10ADC000013B01F1FF318DF807300022012915DC2C
:10ADD00004BF03788DF80630BDF80630134498B2EE
:10ADE00000EB134398B200EB134024B10302C0F30D
:10ADF00007209BB2184380B202B010BD30F8023B6E
:10AE000002391A44E2E700002DE9F0411C680746C8
:10AE1000069B884616461D682B0C13FA85F3002501
:10AE200013FA84F303EB14439CB204EB13439CB278
:10AE300004EB1344C7B925B12302C4F307249BB222
:10AE40001C434046F7F774F805463046F7F770F8AC
:10AE500028440444A0B200EB1444A0B200EB144018
:10AE6000C04380B2BDE8F08179897868FFF79EFF22
:10AE70007B892044DB0784B204EB104406D523020F
:10AE8000C4F3072485F001059BB21C433F68D1E75A
:10AE9000FFF7BABF2DE9F84F16460B9A99460A9B61
:10AEA000156807461B6888462C0C4FF0000B47F6C8
:10AEB000FE7A14FA85F414FA83F404EB1344A3B273
:10AEC00003EB1444A3B203EB1444AFB9BBF1000F7E
:10AED00037D14046F7F72CF805463046F7F728F803
:10AEE00028440444A0B200EB1444A0B200EB144088
:10AEF000C04380B2BDE8F88FB9F1000FE6D07D897C
:10AF000078684D4528BF4D46A9EB05092946FFF74E
:10AF10004DFF04441FFA89F9D14503D94FF4D0708D
:10AF2000F6F798FFA3B203EB14447B89DB0706D541
:10AF30002302C4F307248BF0010B9BB21C433F6830
:10AF4000C3E72302C4F307249BB21C43C1E70000FC
:10AF5000FFF7A0BF08B5FFF729FFC04380B208BDC7
:10AF600070B500260546344645B926B12302C4F320
:10AF700007249BB21C43E04380B270BD69896868B6
:10AF8000FFF714FF6B890444DB07A0B200EB144405
:10AF900006D52302C4F3072486F001069BB21C43A6
:10AFA0002D68E1E708B5FFF7B5FD00F011F800F0F6
:10AFB00065F8F7F70BF8FAF79DFFF7F783FCFDF755
:10AFC000B5F901F05BFABDE80840FAF749BF0000A7
:10AFD000704700007047000010B503F0E5FB044621
:10AFE00028B9FFF799FDFFF79FFD204610BDC31C50
:10AFF00023F003039842F8D0D520F6F72BFFF4E7AF
:10B0000010B5044638B9E620F6F724FF2046BDE81F
:10B01000104003F009BCC31C23F003039842F5D091
:10B02000E720F1E703F0FCBB830710B5044603D02B
:10B030004FF4B670F6F70EFFFFF76EFDFFF774FDE5
:10B040002046BDE81040FFF7DBBF0000033038B5F5
:10B0500020F00300FFF7C0FF0446FFF75DFD054643
:10B0600034B1A30703D04FF48C70F6F7F3FE2846F3
:10B07000FFF75AFD204638BD7047000070470000BA
:10B080000E2805D8034B53F820301888FFF7DEBF91
:10B0900000207047441901080E2803D811B1084652
:10B0A000FFF7C2BF704700000A6810B50C320C46AB
:10B0B000FFF700FB08B994F9040010BD00B589B092
:10B0C00060B1292300908DF80810694605488DF875
:10B0D0000930FFF7E9FF09B05DF804FB6FF00F00DE
:10B0E000F9E700BF1DC3000870B50D4688B01146D2
:10B0F00000F048FE044650B30090694615488DF8AC
:10B100000850FFF7D1FF10B3636813B1A320F6F71F
:10B11000A1FE236904F1100513B9A420F6F79AFEE5
:10B12000636913B1A620F6F795FEE36804F10C06F7
:10B1300013B9A920F6F78EFE3046FFF7D1FC28465A
:10B14000FFF7EAFB214600240720FFF7A5FF204672
:10B1500008B070BD11BD000800B589B038B1292311
:10B160000090694603488DF80930FFF79DFF09B04C
:10B170005DF804FBB1BF000838B5054640B1FFF7E4
:10B18000EBFF044610B9284600F03AFE204638BDD1
:10B190000446FBE700B589B068B161B15AB10090CF
:10B1A00006488DF81030CDE902126946FFF77CFFA2
:10B1B00009B05DF804FB6FF00F00F9E7B5C20008B5
:10B1C00000B589B070B1094B0090002908BF19463D
:10B1D0000748ADF80C2002916946FFF765FF09B0FA
:10B1E0005DF804FB6FF00F00F9E700BFC00901082C
:10B1F0008DC0000800B589B048B100908DF80810E6
:10B2000069460448FFF750FF09B05DF804FB6FF092
:10B210000F00F9E7C1C0000800B589B068B1037834
:10B2200003F0F003102B08D1009002916946044806
:10B23000FFF73AFF09B05DF804FB6FF00F00F9E784
:10B24000C5C1000800B589B040B1009002916946BF
:10B250000448FFF729FF09B05DF804FB6FF00F0009
:10B26000F9E700BF89C10008F0B589B09E460E9F7E
:10B27000002843D0047804F0F004102C41D190F859
:10B28000285003F0040405F00205254302D0002FE6
:10B2900037D00125002401F1040C264604E05CF8B7
:10B2A00034309E192DD20134A242F8DC002E03D195
:10B2B0000024204609B0F0BD02DA17B36FF0004653
:10B2C000ADF80C2000220090029169460E480492CD
:10B2D0008DF81CE0CDE90562FFF7E6FE0446002884
:10B2E000E7D10FB1069B3B60002DE1D1069BB34235
:10B2F000DED04FF48660F6F7ADFDDAE76FF00F04AD
:10B30000D7E76FF00504D4E719C200081FB5CDE9EF
:10B310000212069A02A900920122FFF7A5FF05B0CA
:10B320005DF804FB38B5044648B1FFF7F5FB002390
:10B3300094F908502372FFF7F7FB284638BD0546FD
:10B34000FBE7000070B505468AB00E4621B96FF0E4
:10B350000F0420460AB070BD00230B600028F6D011
:10B36000FFF7E0FF04468DF803000028F1D16B6978
:10B3700005F1140013B96FF00E04EAE795F82830D0
:10B38000DA07F8D49B070FD501A9FFF707FB0130B7
:10B3900022D02B6B8BB90DF10301019800F098FCC2
:10B3A00080B19DF90340D4E7EA6901A9FFF724FBC6
:10B3B0000130EED16FF00204CBE7002201212846D4
:10B3C0009847E8E7019D002DD5D002A904480295D1
:10B3D000FFF76AFE3560BCE76FF00604B9E700BF0F
:10B3E000FDC10008002373B504460D46019319B949
:10B3F0006FF00F0002B070BD0B600028F8D0036939
:10B4000000F1100633B9FFF78DFF0028F2D16FF07D
:10B410000A00EFE790F8283002F0040203F003037B
:10B42000134302D190F908301BB301A93046FFF74E
:10B43000B5FA013011D02378019803F0F003102BF6
:10B4400034D10DF1030100F043FCE0B19DF903009C
:10B4500010F10F0F08BF0020CCE72046FFF762FF76
:10B460000028C7D194F82830DB07D0D46FF006004D
:10B47000C0E7C26901A93046FFF7BEFA0130DAD150
:10B480006FF00200B6E7019B1E89FFF745FB636A78
:10B490009B1B6362FFF748FB236B1BB13246012104
:10B4A00020469847019B00202B60A3E718B940F283
:10B4B0009120F6F7CFFC019B1B68E5E730B10378DC
:10B4C00003F0F003102B01D0FFF78CBF6FF00F00DB
:10B4D00070470000F0B5036989B004460F46164670
:10B4E000002B44D090F9285090F82830002D13DA22
:10B4F00003F07F0380F82830236B1BB10022012169
:10B500002046984763685BBB2046FFF70BFF051E8C
:10B5100008BF6FF00D051EE0FFF764FF0546D0B9C8
:10B5200032073F680CD4CFB13A89237803F0F00397
:10B53000102B05D169460F4800940292FFF7B4FD25
:10B540004FB9F306D8D594F828306FF0060563F0AC
:10B550007F0384F82830284609B0F0BD0122E4E7D3
:10B56000012120466FF00E05FFF7A8FDF3E76FF00D
:10B570000A05F0E7C5C1000830B1037803F0F00315
:10B58000102B01D1FFF7A6BF6FF00F00704700002E
:10B5900010B588B088B10A4C0090002908BF214638
:10B5A000002A08BF224607488DF81130CDE9021263
:10B5B0006946FFF779FD08B010BD6FF00F00FAE79C
:10B5C000C0090108B1C300082DE9F0410446164640
:10B5D0001F46BDF818800D4611B9E620F6F73AFC73
:10B5E000BCB9E720F6F736FC3046BDE8F041F6F787
:10B5F00015BFFFF791FA636A3B446362FFF794FA61
:10B60000236B002B33D03A4631462046BDE8F0414B
:10B6100018476368AB4202D0EF20F6F71BFCFFF738
:10B620007BFA656AFFF780FA2369002BDCD0338947
:10B63000226A2B449342D7DC0620FFF721FD054602
:10B640000028D1D0C0E9006607B13F68AF60294645
:10B65000A5F80C8004F110003789FFF76BF9064656
:10B660000028C6D02846BDE8F04100F0C9BEBDE8BC
:10B67000F081000007B5014640680190F7F7E0FA55
:10B6800001980949F7F7E4FA01980849F7F7F0FA41
:10B69000019802220649F7F717FB0649019803B003
:10B6A0005DF804EBF7F7F4BA39BB0008D9BA000823
:10B6B0006DBA0008D9BB00082DE9F74F894604464A
:10B6C00018B940F27760F6F7C5FB6378012B03D019
:10B6D0004FF4CF60F6F7BEFBE36A1BB940F2796026
:10B6E000F6F7B8FB63681BB940F27A60F6F7B2FB75
:10B6F000E36AD3E905329A4203D340F27B60F6F75E
:10B70000A9FBE36A9B891BB940F27D60F6F7A2FBB7
:10B71000E36A4FF6FF7A94F8286093F81C8006F0ED
:10B72000020608F004031E43D4F82CC06768DCF856
:10B730000830DCF8102019685B68B7F864701144B1
:10B740009D1AB5F5803F2ABF4FF6FF70A8B248F0AA
:10B750000208B8427BD9002E39D0002F39D1DCF84D
:10B760001830002B0CBF6FF006050025E36AD3E903
:10B7700005329A4278D2236B1BB100220321204666
:10B78000984794F8283043F0100384F82830002DAF
:10B790007FD1E36AD3E905329A4278D0003E18BFE0
:10B7A00001266068FAF78CF8043040F084806FF06E
:10B7B0000305E36A1D7100251868E5626570B9F13B
:10B7C000000F7ED00C30FFF787F928466BE048F079
:10B7D00002083A44934205D240F2A7600191F6F77D
:10B7E00039FB0199574502D1B5F5803F06D2ADB27C
:10B7F000BD422ED1E36A9B89012B2AD948F0020869
:10B800004FF0010B43463A466068F9F7CDFB054619
:10B8100010BBE26A93693B449361E26A13693B445B
:10B820001361E36A9A681969526891420AD19A8948
:10B83000013A9A81E36A9A8922B19A6808329A6039
:10B84000E36A1861BBF1000F7FF46EAF0AE00746B0
:10B85000BFE74FF0000BD5E7431CDBB2012BA8D8A4
:10B860004FF0FF35002E81D1636841F27072B3F85A
:10B870006410914203D9B3F86630162B87D9236B35
:10B88000002B84D000220321204698477FE7012621
:10B8900087E76B1C8DD16068FAF712F8043086D008
:10B8A00026B94FF0FF3003B0BDE8F08FE36A9B6923
:10B8B00023B100257DE7002EFBD1F2E76FF00605EE
:10B8C00077E74846EFE700002DE9F84F8946044640
:10B8D00018B940F2A630F6F7BDFA237803F0F0036A
:10B8E000102B03D040F2A730F6F7B4FA6378042B9C
:10B8F00003D04FF46A70F6F7ADFA63681BB940F2F3
:10B90000A930F6F7A7FAE36A1BB940F2AA30F6F7B6
:10B91000A1FAE36A65681B7A032B03F0010A03F0BE
:10B9200002080FD0BAF1000F05D02B7D5A1F012A53
:10B9300008D9082B06D0B8F1000F16D06F8B17F07E
:10B94000100704D0012700212846F7F779F92B7D4D
:10B95000012B0CD100212846F7F7AAF927BB424654
:10B9600051462846F7F72AFD21E04746EFE7BAF1AE
:10B97000000F07D000212846F7F76AF90021284672
:10B98000F7F796F9B8F1000F03D000212846F7F732
:10B990006FF9002FE3D0002228461146F7F794F9FB
:10B9A00000212846F7F774F92846F7F761FC0646A8
:10B9B00060B1431C0AD1E36A93F809B0BBF1000FF0
:10B9C00030D11FB15E462846F7F7A4FAE36A1D6836
:10B9D0001E710023E3626370CEB937B1236B6660DA
:10B9E0001BB13246042120469847BAF1000F05D01A
:10B9F000236B1BB10022204611469847B8F1000F77
:10BA000005D0236B1BB10022022120469847B9F1D3
:10BA1000000F23D0002605F10C00FFF75DF830463B
:10BA2000BDE8F88F2B7D012B03D140F24540F6F79E
:10BA300011FAB8F1000F03D009492846F7F718F9B1
:10BA4000012228460749F7F73FF928460649F7F744
:10BA50001FF921462846F7F7F3F8E0E74E46DEE700
:10BA6000D9BA00086DBA0008D9BB000810B5044661
:10BA700018B940F26D10F6F7EDF9617801291ED181
:10BA80002046FFF719FE94F82830DA0615D56268CB
:10BA90009AB1B2F8640041F2707188420DD9B2F8DF
:10BAA0006620162A09D823F0100384F82830236B67
:10BAB0001BB10022022120469847002010BD042916
:10BAC000E1D1E26A1AB1537A0BB1013B5372012101
:10BAD0002046FFF7F9FED6E738B51546044658B9B3
:10BAE0004FF4CB70F6F7B6F9002038BD042908D121
:10BAF0000121FFF7E9FE04E041780129F6D1FFF7C3
:10BB0000DBFD6368002BEFD0B3F8641041F2707274
:10BB10009142E9D9B3F86630162BE5D894F828306D
:10BB200023F0100384F82830236B002BDCD02A4646
:10BB3000022120469847D7E7F8B5054616461C4629
:10BB40000F4619B940F22F10F6F784F95DBB4FF498
:10BB50009870F6F77FF93CBB6FF005042046F8BDFE
:10BB600038463189F7F70EF83046F6F757FCF5E717
:10BB70009EB137893146FEF7DDFE044680B9FEF7F7
:10BB8000CBFF6B6A3B446B62FEF7CEFF2B6BFBB1C6
:10BB90003A46214628469847E0E70E4E0027E9E757
:10BBA0004FF0FF34DAE72CB140F23110F6F752F9DA
:10BBB000002DD1D06B68BB4203D04FF49C70F6F7D8
:10BBC00049F92C6905F11000002CD1D1002EC7D104
:10BBD0000024C3E790190108F8B50D46044618B9CA
:10BBE00040F2BB10F6F736F9FEF796FF94F82830CE
:10BBF0000026677843F001032572666084F82830D8
:10BC00006670FEF791FF236B1BB13246042120467C
:10BC10009847236B1BB10022204611469847236B9F
:10BC20001BB1002202212046984705F10F03DBB229
:10BC3000022B3AD8254A52F82360236923B13146B2
:10BC400004F11000FEF776FE636923B1314604F17A
:10BC50001400FEF76FFE012F02D0FB1E012B2CD823
:10BC600094F8283023F004025B0784F828202CD4B1
:10BC7000E36A1BB940F2E910F6F7ECF8042FE36A27
:10BC80000ABF00221D711A71E36A1B6803F10C05DB
:10BC9000DB681BB94FF4F970F6F7DCF8002328468F
:10BCA000E362BDE8F840FEF717BF25B17D2000260E
:10BCB000F6F7D0F8C1E72E46BFE7E36A2BB14FF4A1
:10BCC000FD70BDE8F840F6F7C5B8F8BD8019010869
:10BCD00038B505460C4611B98520F6F7BBF8094B77
:10BCE0009D4203D1F3230120237038BD064B9D42B2
:10BCF00001D1F223F7E7054B9D4201D1F123F2E791
:10BD00000020F2E78C190108941901089019010824
:10BD100038B50023056804460371686800282ED1F1
:10BD20002B7803F0F003102B1DD0202B25D1FAF730
:10BD3000BFFB6860226853689BB112781049212AC2
:10BD400004BF02221A7423681A78222A02BF012231
:10BD50005B681A7422685068FAF76EFB23685B68A8
:10BD60006BB9FF230AE0F7F7DFF9686020684368E2
:10BD7000002BF6D0FFF77EFCF0E7FA23237138BDE5
:10BD8000C9B5000870B5054607200E46FFF778F9DB
:10BD9000044698B3057005F0F0050023102D0372DA
:10BDA00043600BD0202D09D040F2EB20F6F752F87B
:10BDB000214607200024FFF76FF91FE004F110056A
:10BDC00000212846FEF782FD01460028F0D104F14B
:10BDD0000C00FEF75BFE18B12846FEF79DFDE7E775
:10BDE0004FF0FF3360616070A3616FF00043E0616A
:10BDF00084F82800C4E90B06C4E90830204670BD69
:10BE000010B5436804461BB14FF44870F6F722F8AA
:10BE100023691BB140F22730F6F71CF863691BB1A8
:10BE200040F22A30F6F716F804F10C00FEF758FE3F
:10BE3000002321460720E360BDE81040FFF72CB93E
:10BE4000F7B50369044663B100F1100501A928465E
:10BE5000FEF7A4FD013015D12846FEF75DFD002355
:10BE60002361636963B104F1140701A93846FEF741
:10BE700095FD013019D13846FEF74EFD0023636170
:10BE800003B0F0BD2378019803F0F003102B09D123
:10BE90000DF10301FFF71CFF0028D7D10198F6F739
:10BEA000BDFAD3E700F0ACFAD0E70DF10301019839
:10BEB000FFF70EFF06460028D7D1019D2846FFF761
:10BEC000BFFF686810B1F7F725F86E602846FFF7E6
:10BED00097FFCAE7F7B50D46044620B96FF0050590
:10BEE000284603B0F0BD436900F11407002BF5D0DC
:10BEF00069B92E493846FEF71DFD02460028EDD1EE
:10BF0000236B002BEAD0014620469847E6E71AB19A
:10BF100040F22D20F5F79EFF216B2078FFF732FFCE
:10BF2000064668B921493846FEF704FD024620B9A5
:10BF3000236B13B10146204698474FF0FF35CFE7FA
:10BF40004560FFF797FB2846F6F7D6FC31463846A2
:10BF5000FEF7F0FC054600B3706800210024019054
:10BF6000F6F76EFE01980021F6F772FE01980021A7
:10BF7000F6F77EFE002201981146F6F7A5FE002195
:10BF80000198F6F785FE06F110007460FEF7C4FC18
:10BF900030463461FFF734FFCFE7236B002B9FD08F
:10BFA00002460146204698479AE700BF8C190108CF
:10BFB00070B5036804465D7855B11B7803F0F00353
:10BFC000102B03D040F26240F5F744FF022D24D13C
:10BFD000002520682571FFF733FF2268516871B191
:10BFE000137803F0F003102B21D0202B04D18D62A5
:10BFF00023685868FAF72AFA236800225A602068F2
:10C00000036B13B10022114698472068036B6BB194
:10C0100000220221BDE870401847032D04D1236897
:10C0200093F828305B07D3D4FB23237170BDD36A08
:10C030001BB14FF49360F5F70DFF23680422002134
:10C040005A70032323722368DC622068FFF73CFCEC
:10C050000028EBD023685B78042B03D040F29E408D
:10C06000F5F7F8FEFEF728FC206800210C30FEF7FB
:10C0700021FDFEF719FC23685B78002BD6D040F237
:10C08000A240BDE87040F5F7E5BE000010B50368BA
:10C090000446586888B11B7803F0F003102B07D0D2
:10C0A000202B0AD1A289A168FAF716F8207110BDD9
:10C0B000A289A168F6F78CFCF8E76FF00500F5E7B8
:10C0C00073B5036804465868002857D01A7802F000
:10C0D000F002102A54D15B78002B3BD1067D1EB1B3
:10C0E000FA238DF8073022E00DF10702217AF6F7E6
:10C0F000BFFC0546D8B12068036923B11030FEF7B4
:10C100000BFC23681E612068002346698DF8073008
:10C1100096B1236802225A7023685D6021684868DE
:10C12000F6F78EFD236817495868F6F7C1FD9DF8AC
:10C130000730237102B070BD14210844FEF7C6FB1E
:10C140008DF807000028E4D02846F7F791F8236817
:10C150005E60ECE7022B11D100238DF80730037DE0
:10C16000012B03D040F2EA50F5F774FE23685A68B9
:10C17000237A012B38BF01231377D8E7F523B0E7E3
:10C18000F023AEE7D5BE000810B504460068FFF7FF
:10C19000C9F868B92368586888B11B7803F0F003C0
:10C1A000202B0CD1A268936811681BB9FAF704F927
:10C1B000207110BD93890832FAF7C4F8F8E76FF0E0
:10C1C0000A00F5E7F8B500230446037103685A68CE
:10C1D00092B11B7803F0F003102B0DD185684FF658
:10C1E000FF77BD422E46236828BF3E465868B1B24D
:10C1F000F6F7C8FCAD1BF4D1F8BD000000230371B5
:10C200000368586830B11B7803F0F003102B01D19C
:10C21000F6F790BB7047000010B504460068FFF7C2
:10C2200081F800283ED123681A7802F0F002102A23
:10C2300036D15A78002A37D15A68002A37D00122DD
:10C240005A702368DB6A1BB140F22770F5F702FED3
:10C2500063691BB94FF4E560F5F7FCFD2368002125
:10C26000DC622068FFF728FAE8B123685B78012BCD
:10C2700003D040F22C70F5F7EDFDFEF71DFB2068B2
:10C2800000210C30FEF716FCFEF70EFB23685B78EE
:10C29000012B08D14FF4E660BDE81040F5F7DABD98
:10C2A0006FF00500207110BD6FF00400FAE76FF029
:10C2B0000A00F7E703685B68D3B1017C826891B13B
:10C2C0001B681360002302680371137803F0F00306
:10C2D000102B13D0202B1CD15368027C2AB1C268CA
:10C2E0005B8A138070475B68EBE71A7C520702D4C5
:10C2F000F52303717047C2689B8AF2E75368027C9A
:10C3000022B91A7D012AF3D91B8B00E0DB8AC268AF
:10C31000E7E740F28170F5F79DBD000010B50446D7
:10C320000068436863B1037803F0F003102B07D172
:10C33000227A4378032A01D0022B01D0032B02D1A9
:10C34000F523237110BD012B01D1FB23F9E7D3079E
:10C3500001D5FFF775FD2368DB6A1BB140F2C170A0
:10C36000F5F778FD2368042200215A702368DC6207
:10C370002068FFF7A9FA0028E4D023685B78042B33
:10C3800003D040F2C670F5F765FDFEF795FA206818
:10C3900000210C30FEF78EFBFEF786FA23685B78EF
:10C3A000002BCFD040F2CA70BDE81040F5F752BD67
:10C3B000F52310B50371044603685A685AB11B7817
:10C3C00003F0F003202B0AD1637CD0E902101BB9E3
:10C3D000FCF7A8F8207110BDFCF70CF9FAE7FA2376
:10C3E0000371F8E700F11003DBB2102B9DBF404250
:10C3F000024B53F820000520704700BF9819010830
:10C4000010B5044660B1006820B1F6F707F80023C4
:10C41000C4E9003321460620BDE81040FEF73CBECB
:10C4200010BD000010B5044630B1006808B1F5F742
:10C43000F5FF0023C4E9003310BD000070B50E46BF
:10C4400015460446B8B1006808B1F5F7E7FF412288
:10C4500000213820F6F72CF8206018B960604FF002
:10C46000FF3070BD4660002023681D8123685D8118
:10C4700023686360F5E76FF00F00F2E708B5054841
:10C48000FEF7FAFD0448FEF7F7FD00F007F800207C
:10C4900008BD00BFE0190108DC19010808B5FEF766
:10C4A00037FB024A13681844106008BDAC2F002007
:10C4B000F0B500F10B0423460D46B1FBF2F102FB8F
:10C4C000115707F13006392EC8BF07F137069542DC
:10C4D00003F8016DF0D2421EE11A13F8015B9C4291
:10C4E00002F8015FF9D10844F0BD00002DE9F04FDA
:10C4F000804687B015464FF000090C4614F8013B02
:10C50000002B3BD0252B08D0D8F8002019464046F8
:10C5100009F10109D268904749E14B782D2B06BFFC
:10C520008C1C01230023019323782B2B06BF01349D
:10C530000127002794F800A0BAF1300F0CBF013496
:10C540004FF0200A23782A2B1CD16178023455F849
:10C5500004BB2E2943D1217881B12A2921D0661C20
:10C560000020A1F130023446D2B2092A1DD80A2394
:10C5700016F8011B03FB00200029F2D1484607B042
:10C58000BDE8F08F4FF0000B14F8011B0029F5D027
:10C59000A1F13002D2B2092ADBD80A2303FB0B2B0C
:10C5A000F2E76178023455F8040B01F0DF024C2AFF
:10C5B00017D121780029E1D0782904F101041FD88E
:10C5C000622900F2008158291AD84E2900F23081E0
:10C5D000442900F09180492900F08E8010E000206D
:10C5E000E3E7A1F141027829D2B209D862290BD838
:10C5F000582905D84E293BD8442978D0492976D0E6
:10C600002E468DF80C1056E0A1F16306152EF7D8D2
:10C610000FF2040C5CF826F0A9C60008EFC600086B
:10C6200001C6000801C6000801C6000801C60008CE
:10C63000EFC6000801C6000801C6000801C60008D0
:10C6400001C6000801C600087FC700086DC80008C1
:10C6500001C6000801C60008BFC6000801C60008E0
:10C6600069C8000801C6000801C600086DC80008B6
:10C67000A1F14F02092AC3D801A050F822F000BF4F
:10C680007FC700086DC8000801C6000801C6000881
:10C6900001C6000801C6000869C8000801C60008F4
:10C6A00001C600086DC800082E464FF0200A56F853
:10C6B000042B8DF80C2003AD0DF10D002BE02E4660
:10C6C00047F6FF726A4B56F8045B002808BF104615
:10C6D000002D08BF1D462A462F18104612F8011BD0
:10C6E00011B1B91A0029F8DA4FF0200A13E02E46EA
:10C6F000192A56F8041B02D82E4656F8041B0029A6
:10C7000036DA2D2249428DF80C200DF10D000A2257
:10C7100003ADFFF7CDFE471B0199ABEB070323EAFF
:10C72000E372002945D1002BC2F1000B1EDD2978F0
:10C730002D2901D02B290DD1BAF1300F0AD1D8F80B
:10C7400000304046019209F10109DB68013F98473A
:10C750000135019AD8F80030514640460192DB6815
:10C7600098471BF1010B019AF4D191443B4615E027
:10C770001FB12B228DF80C20C7E703A8C7E70822BA
:10C780002E4603A856F8041BC2E7D8F800204046FE
:10C7900015F8011BD26801939047019B013BF4D52A
:10C7A000002FA8BFB9445D462DB9D944354621466E
:10C7B000A3E69346DAE7D8F8003051464046013DFB
:10C7C000DB689847F0E7A1F16302152A3FF618AF3E
:10C7D00001A353F822F000BFA9C60008F9C600085B
:10C7E00001C6000801C6000801C6000801C600080D
:10C7F000F9C6000801C6000801C6000801C6000805
:10C8000001C6000801C600087FC700086DC80008FF
:10C8100001C6000801C60008BFC6000801C600081E
:10C8200069C8000801C6000801C600086DC80008F4
:10C83000A1F14F02092A3FF6E3AE01A353F822F01B
:10C840007FC700086DC8000801C6000801C60008BF
:10C8500001C6000801C6000869C8000801C6000832
:10C8600001C600086DC800080A2289E7102287E780
:10C87000E4190108F0B5054687B016461F460C4678
:10C8800089B14A1E0023294601A800F05FF83A4604
:10C89000314601A8FFF72AFE049BA3423CBF0022B9
:10C8A000EA5407B0F0BD0A46ECE70000D0E90223E5
:10C8B0009A421FBF4268D154C36801331ABFC36094
:10C8C00000206FF001007047D0E903239A421FBF98
:10C8D0004268D25C0133036114BF10466FF001005F
:10C8E0007047000003692BB1013B426803610020DF
:10C8F000D15470476FF001007047000038B504460E
:10C900000846D4E903315B1A934228BF13461D46FB
:10C9100063682A461944F4F725FF236928462B4407
:10C92000236138BD38B50446D0E902301B1A934262
:10C9300028BF13461D4663682A461844F4F712FFC1
:10C94000E36828462B44E36038BD000010B5C0E919
:10C950000223034C0023C0E90041036110BD00BF66
:10C96000EC19010808B5074B074A196801F03D01A9
:10C97000996053680BB190689847BDE8084002F091
:10C980009DB800BF00000240B02F002008B5084B42
:10C990001968890901F03D018A019A60054AD36846
:10C9A0000BB110699847BDE8084002F087B800BF96
:10C9B00000000240B02F002008B5084B1968090C90
:10C9C00001F03D010A049A60054A53690BB1906970
:10C9D0009847BDE8084002F071B800BF000002406F
:10C9E000B02F002008B5084B1968890D01F03D01F2
:10C9F0008A059A60054AD3690BB1106A9847BDE869
:10CA0000084002F05BB800BF00000240B02F0020D9
:10CA100008B5074B074A596801F03D01D960536AD0
:10CA20000BB1906A9847BDE8084002F047B800BFD4
:10CA300000000240B02F002008B5084B5968890952
:10CA400001F03D018A01DA60054AD36A0BB1106B2F
:10CA50009847BDE8084002F031B800BF000002402E
:10CA6000B02F002008B5084B5968090C01F03D01B2
:10CA70000A04DA60054A536B0BB1906B9847BDE826
:10CA8000084002F01BB800BF00000240B02F002099
:10CA900008B5084B5968890D01F03D018A05DA6037
:10CAA000054AD36B0BB1106C9847BDE8084002F003
:10CAB00005B800BF00000240B02F002008B5074BAA
:10CAC000074A196801F03D019960536C0BB1906CF5
:10CAD0009847BDE8084001F0F1BF00BF00040240E4
:10CAE000B02F002008B5084B1968890901F03D01F5
:10CAF0008A019A60054AD36C0BB1106D9847BDE866
:10CB0000084001F0DBBF00BF00040240B02F00204E
:10CB100008B5084B1968090C01F03D010A049A6038
:10CB2000054A536D0BB1906D9847BDE8084001F080
:10CB3000C5BF00BF00040240B02F002008B5084B5D
:10CB40001968890D01F03D018A059A60054AD36D87
:10CB50000BB1106E9847BDE8084001F0AFBF00BFB1
:10CB600000040240B02F002008B5074B074A59685F
:10CB700001F03D01D960536E0BB1906E9847BDE84E
:10CB8000084001F09BBF00BF00040240B02F00200E
:10CB900008B5084B5968890901F03D018A01DA603E
:10CBA000054AD36E0BB1106F9847BDE8084001F0FD
:10CBB00085BF00BF00040240B02F002008B5084B1D
:10CBC0005968090C01F03D010A04DA60054A536F07
:10CBD0000BB1906F9847BDE8084001F06FBF00BFF0
:10CBE00000040240B02F002008B5084B5968890D99
:10CBF00001F03D018A05DA60054AD36F13B1D2F81E
:10CC000080009847BDE8084001F058BF000402408A
:10CC1000B02F002000230C4910B51A460B4C0B60B6
:10CC200054F82300026001EB430004334260402BC0
:10CC3000F6D1074A4FF0FF339360D360C2F808344F
:10CC4000C2F80C3410BD00BFB02F0020041A010838
:10CC5000000002400F28F8B510D9102810D0112874
:10CC600011D0122808D10F240720DFF8C8E00126D0
:10CC7000DEF80050A04208D9002653E00446F4E74D
:10CC80000F240020F1E70724FBE706FA00F73D42F6
:10CC90004AD1264C4FEA001C3D4304EB00160EEB34
:10CCA000C000CEF80050C0E90123FBB273B12048A8
:10CCB000D0F8D83043F00103C0F8D830D0F80031B4
:10CCC00043F00103C0F80031D0F8003117F47F4F72
:10CCD0000ED01748D0F8D83043F00203C0F8D8304F
:10CCE000D0F8003143F00203C0F80031D0F8003131
:10CCF00054F80C00036823F01F030360056815F067
:10CD00000105FBD104EB0C033D2493F80CC05F68D4
:10CD100004FA0CF43C6021240560446112B1987B54
:10CD200000F0A0FC3046F8BD0130A3E7041A01086A
:10CD300000440258B02F002010B5302484F311882D
:10CD4000FFF788FF002383F3118810BD10B5044658
:10CD5000807B00F09DFC01231549627B03FA02F2FF
:10CD60000B6823EA0203DAB20B6072B9114AD2F8F7
:10CD7000D81021F00101C2F8D810D2F8001121F02A
:10CD80000101C2F80011D2F8002113F47F4F0ED137
:10CD9000084BD3F8D82022F00202C3F8D820D3F8E9
:10CDA000002122F00202C3F80021D3F8003110BDA7
:10CDB000B02F00200044025808B5302383F31188B7
:10CDC000FFF7C4FF002383F3118808BD82880B4B53
:10CDD000C3F800230268C3F804230022C3F8082321
:10CDE000C3F80C23C3F81023C3F81423C3F8182383
:10CDF000C3F81C231A615A61704700BF00800240CB
:10CE0000074BD3F8D82022F46032C3F8D820D3F8E7
:10CE1000002122F46032C3F80021D3F800317047BA
:10CE20000044025810B5084CC4F80422C36A43EA0F
:10CE3000014141F4806141F00501C4F80012D4F8C9
:10CE40000032DB07FBD410BD00800240C36A43EA16
:10CE50000141074B41F4816141F00501C3F8001223
:10CE6000D3F80022D207FBD4D3F80402704700BFE6
:10CE70000080024038B51E4BD3F8605115F0410FC9
:10CE8000C3F860512FD015F0010F1A4C13D0302386
:10CE900083F31188002104F1080001F047F9E369E8
:10CEA000012104F1180043F00103E36100F050FE9A
:10CEB000002383F311886B0611D5302383F3118887
:10CEC00000210D4801F032F9E36902210B4843F0DB
:10CED0000203E36100F03CFE002383F31188236A20
:10CEE0000BB104489847BDE8384001F0E7BD00BFEA
:10CEF0000090024034300020443000204C300020AC
:10CF00002DE9F3414C4F3868002800F091804B4DDB
:10CF100000242868002800F08B80494E304600F03D
:10CF2000CFFB3B68474A4FF0414003F1400186F890
:10CF3000284052F8047B103343F8107C43F80C4C23
:10CF400043F8084C43F8040C9942F2D12B683E4A4E
:10CF50001C605C609C60DC601C615C619C61DC61ED
:10CF600064245368394F23F46003DFF8D48043F41A
:10CF700000035360364BD3F8802042F40042C3F8DC
:10CF80008020D3F8802022F40042C3F88020D3F818
:10CF90008020D3F8D82042F46032C3F8D820D3F8E8
:10CFA000002142F46032C3F80021D3F8003100259B
:10CFB0006B0102214046F36245F48063C7F80032FA
:10CFC000C7F80432FFF742FF07280AD005F580357D
:10CFD000B5F5001FECD1013CE9D12046FFF710FF69
:10CFE00026E003214046FFF731FF20F00F004CF20E
:10CFF00030130004000C9842E8D111484FF400426D
:10D0000000210446FFF70EFF00212046FFF71EFF18
:10D0100010F40041F8D10A480191FFF717FF019978
:10D0200040F400620648FFF7FDFE0120FFF7E8FE2E
:10D0300002B0BDE8F08100BF8C26002098260020B9
:10D04000343000207C26002000040058008002407C
:10D0500000440258F8B5424D4FF04142414E00277E
:10D060002B6804460D213D20DA60DA61DA62DA636A
:10D070003368DF60DF613C4BD3F8D82042F4603284
:10D08000C3F8D820D3F8002142F46032C3F800215D
:10D09000D3F8003100F0E6FA39462046FFF7D6FE15
:10D0A000394620F400622046FFF7BCFE2F49304A83
:10D0B0000B6843F001030B600B6813F00103FBD115
:10D0C0004FF48061116093601367C2F8903013656C
:10D0D0006368186800B92748FFF778FE244A4FF4C0
:10D0E00080512868136843F003031360224BC2F891
:10D0F0001037A3F5F513A3F5FD53C2F80C371B4BFE
:10D1000059600021C3F800114FF4F04119603168F3
:10D11000C3F814110121C3F82C11C3F81C0103201A
:10D12000C3F830014FF40040C3F8600148F24100F9
:10D13000C3F83401C2F8001DD2F8003DDB07FBD470
:10D140006023C2F8303D0223C2F8003D4FF00112C7
:10D15000064BC3F8042102F6E432C3F80821F8BDF7
:10D160008C2600209826002000440258009002409F
:10D1700000800240041B010800C0200C90F82830F9
:10D180002BB3144B144AD3F8203112681344D868D7
:10D19000002801DB586850B102F1200010338342AF
:10D1A00028BF1346D868002811DB586878B99A1A46
:10D1B0000A48121150F8222000201A604FF08072A5
:10D1C0005A6040F2F2528B60C1E9000270474FF0A2
:10D1D000FF307047009002409826002090260020E3
:10D1E000836800225A6010330268C2F30D0242F0D5
:10D1F000004243F8082C4FF0304243F8042C074A11
:10D20000116801F12000834228BF0B46BFF34F8F06
:10D2100012689B1A024AC2F82031704798260020F3
:10D2200000900240184B4FF0414C184AD3F8283177
:10D23000F0B515680424164F2B4405F1400603F1A0
:10D240001002D868B24228BF2A46002817DBD868E7
:10D250003840B0F1405F0FD1986810F400500BD106
:10D26000DC68521B0860C4F30E04023CC1E90143B0
:10D27000054BC3F82821F0BDC3F80CC01346013C90
:10D28000DDD14FF0FF30F6E7009002408C26002001
:10D290000080003083684FF04142DA60024BD3F8DF
:10D2A0002821C3F8282170470090024070B51D4B1B
:10D2B000054601211C68FFF7C9FD01212846FFF73B
:10D2C000C5FD002106462846FFF7C0FDC1041DD557
:10D2D00006F03406242E03D0002085F8280070BD07
:10D2E00005212846FFF7B2FD10F4607F14BF44F417
:10D2F000804424F4804410F4A07F14BF44F400540C
:10D3000024F40054074B01201C60E6E77207E3D5C4
:10D3100083044CBF44F4804424F4804410F4807FA0
:10D32000EBE700BF0080024038B50546D0E90003B6
:10D330001B1A934228BF13461C4643B1AB682246D2
:10D340001B681844F4F70EFA2B6823442B60204620
:10D3500038BD000038B505460846D5E900135B1A0C
:10D36000934228BF13461C4643B1AB6822461B6854
:10D370001944F4F7F7F92B6823442B60204638BD95
:10D38000024A136843F0C00313607047004800402E
:10D39000024A136843F0C003136070470050004016
:10D3A000024A136843F0C0031360704700780040DE
:10D3B000064BD3F8E8200243C3F8E820D3F8102145
:10D3C0001043C3F81001D3F81031704700440258DD
:10D3D00037B5274C274D204600F052FB04F10C00D6
:10D3E000009400234FF40072234900F017FA4FF421
:10D3F0000072224904F130000094214B00F090FAB1
:10D40000204BC4E91535204C204600F039FB04F1CF
:10D410000C00009400234FF400721C4900F0FEF948
:10D420004FF400721A4904F130000094194B00F0D7
:10D4300077FA194BC4E91535184C204600F020FB4B
:10D4400004F10C0000234FF400721549009400F021
:10D45000E5F9144B4FF40072134904F130000094C5
:10D4600000F05EFA114BC4E9153503B030BD00BFC2
:10D470006430002000E1F505903100209037002055
:10D4800081D3000800480040C830002090330020BD
:10D490009039002091D30008005000402C3100202A
:10D4A00090350020A1D30008903B00200078004078
:10D4B00038B5264D0446037A002918BF0D46012BC6
:10D4C00006D1234B984230D14FF48020FFF770FFF4
:10D4D0002A68A36D616D03EB52032566B3FBF2F37B
:10D4E0006A68100442BF23F0070003F0070343EA11
:10D4F0004003CB60AB6843F040034B60EB6843F004
:10D5000001038B6042F4967343F001030B604FF00C
:10D51000FF330B62510505D512F0102211D0B2F184
:10D52000805F10D084F85C3038BD0A4B984205D03B
:10D53000094B9842CCD14FF08040C7E74FF48010A0
:10D54000C4E77F23EEE73F23ECE700BF0C1B010895
:10D5500064300020C83000202C3100202DE9F04735
:10D56000466D0546F469220734621AD014F00801AA
:10D5700018BF4FF48071E3074FF0300348BF41F00C
:10D580002001A70748BF41F04001600748BF41F0B4
:10D59000800183F31188281D00F0DAFA002383F359
:10D5A0001188E2050AD5302383F311884FF4806196
:10D5B000281D00F0CDFA002383F3118830274FF0A7
:10D5C000000914F0200838D137683B0615D54FF014
:10D5D000300905EB090A20060FD589F3118850465A
:10D5E00000F0D2F9002835DA0821281D00F0B0FA41
:10D5F00027F08007002383F31188790613D562068C
:10D6000011D5302383F31188D5E911239A4207D12C
:10D61000AB6B2BB127F040071021281D00F098FAC2
:10D62000002383F31188E306376018D52A6E136947
:10D63000ABB15069BDE8F047184787F31188736AAA
:10D64000284695F85C10194000F032FA89F31188E9
:10D65000F469B6E7B06288F31188F469BBE7BDE806
:10D66000F0870000090100F16043012203F56143E6
:10D67000C9B283F8001300F01F039A4043099B00CE
:10D6800003F1604303F56143C3F880211A607047DA
:10D6900000F01F0301229A40430900F160409B0003
:10D6A00000F5614003F1604303F56143C3F8802056
:10D6B000C3F88021002380F800337047FFF720BCB7
:10D6C00001230370002343604362C0E9073300F184
:10D6D0000803C0E9023300F11003C0E9043300F18C
:10D6E000180383617047000010B53023044683F3AC
:10D6F00011884160FFF7AEFC02230020237080F305
:10D70000118810BDF8B504460D461646302383F344
:10D71000118800F1080729462046FFF72FFD28B1A0
:10D720003146384600F0E6FC431CF4D1002383F375
:10D730001188F8BDF8B504460D461646302383F32C
:10D74000118800F1100729462046FFF76BFD28B12C
:10D750003146384600F0CEFC431CF4D1002383F35D
:10D760001188F8BDFFF7A2BDF8B5154682680446DA
:10D770000B46AA4200D28568A1692669761AB5428D
:10D780000BD218462A46F3F7EDFFA3692B44A36199
:10D790002846A3685B1BA360F8BD0CD9AF1B1846D5
:10D7A0003246F3F7DFFF3A46E1683044F3F7DAFF39
:10D7B000E3683B44EBE718462A46F3F7D3FFE368F8
:10D7C000E5E7000083689342F7B50446154600D2AA
:10D7D0008568D4E90460361AB5420BD22A46F3F7BD
:10D7E000C1FF63692B4463612846A3685B1BA36088
:10D7F00003B0F0BD0DD93246AF1B0191F3F7B2FF74
:10D8000001993A46E0683144F3F7ACFFE3683B44E2
:10D81000E9E72A46F3F7A6FFE368E4E710B50A4410
:10D820000024C361029B8460C16002610362C0E99D
:10D830000000C0E9051110BD08B5D0E905329342DA
:10D8400001D1826882B98268013282605A1C4261C9
:10D8500019700021D0E904329A4224BFC3684361A1
:10D8600000F058FC002008BD4FF0FF30FBE700003F
:10D8700070B5302304460E4683F31188A568A5B120
:10D88000A368A269013BA360531CA36115782269B8
:10D89000934224BFE368A361E3690BB12046984734
:10D8A000002383F31188284607E03146204600F024
:10D8B00021FC0028E2DA85F3118870BD2DE9F74FCD
:10D8C00004460E4617469846D0F81C904FF0300A92
:10D8D0008AF311884FF0000B154665B12A46314690
:10D8E0002046FFF741FF034660B94146204600F05D
:10D8F00001FC0028F1D0002383F31188781B03B0CA
:10D90000BDE8F08FB9F1000F03D001902046C84761
:10D91000019B8BF31188ED1A1E448AF31188DCE712
:10D92000C160C361009B82600362C0E905111144BC
:10D93000C0E9000001617047F8B504460D4616467F
:10D94000302383F31188A768A7B1A368013BA360C4
:10D9500063695A1C62611D70D4E904329A4224BF83
:10D96000E3686361E3690BB120469847002080F3C8
:10D97000118807E03146204600F0BCFB0028E2DABF
:10D9800087F31188F8BD0000D0E9052310B59A424D
:10D9900001D182687AB982680021013282605A1C02
:10D9A00082611C7803699A4224BFC368836100F0D6
:10D9B000B1FB204610BD4FF0FF30FBE72DE9F74FDC
:10D9C00004460E4617469846D0F81C904FF0300A91
:10D9D0008AF311884FF0000B154665B12A4631468F
:10D9E0002046FFF7EFFE034660B94146204600F0AF
:10D9F00081FB0028F1D0002383F31188781B03B04A
:10DA0000BDE8F08FB9F1000F03D001902046C84760
:10DA1000019B8BF31188ED1A1E448AF31188DCE711
:10DA20000C30FFF74BBF00004FF0FF330C30FFF717
:10DA300045BF00003030FFF7C1BF00004FF0FF339B
:10DA40003030FFF7BBBF00000C30FFF711BF000004
:10DA50004FF0FF310C30FFF70BBF00003030FFF705
:10DA60006BBF00004FF0FF323030FFF765BF0000A2
:10DA7000012914BF6FF0130000207047FFF7A8BC06
:10DA80000346034A43F8042B4360012303727047A3
:10DA9000241B010810B53023044683F31188FFF7D7
:10DAA00007FD02230020237280F3118810BD0000BF
:10DAB00038B5436904460D461BB90421084400F0FB
:10DAC00047F8294604F10C00FFF7B6FE002806DAF5
:10DAD000201D4FF40061BDE8384000F039B838BD72
:10DAE00030B5302484F31188064C0568E4680D6075
:10DAF0000160C1E901420022C1E9032382F31188D8
:10DB000030BD00BF903D0020302383F31188044BCB
:10DB1000DB681A6B10431863002383F31188704786
:10DB2000903D0020036B194390F824300A2B0163C9
:10DB300003D1836A194205D170470B2B06D1836A42
:10DB40008B4303D10023836200F02AB970470000A1
:10DB500070B506460D460468B44200D170BDE36856
:10DB60002B43E36015B123691D4203D0D4E90101C1
:10DB7000FFF7D8FF2468EFE738B50C4B0446DD68A3
:10DB8000302383F311882B6B184006D10A20AC6236
:10DB900000F008F92B6B04EA03002B6B23EA000367
:10DBA0002B63002383F3118838BD00BF903D002014
:10DBB0000023C0E9000083600361704770B51C4B0F
:10DBC00005468468DE685CB3B44213D1036901334F
:10DBD000036170BDA36094F8243083B1062B15D186
:10DBE000A06A2146D4E9003213605A6000F0C8F8F8
:10DBF000A36A9C68B368A2689A42EBD306E0D4E9B2
:10DC00000032204613605A6000F0CAF828463146B8
:10DC100000F0B6F8B5620620BDE8704000F0C2B86A
:10DC20000369866001330361736BC3607063D0E77F
:10DC3000903D002008B5302383F31188FFF7BEFF25
:10DC4000002383F3118808BD0A4B8268DB6832B178
:10DC50009A420CD1036901330361012070470269C4
:10DC60008360013202615A6BC2605863F5E700209D
:10DC7000704700BF903D002008B5302383F3118822
:10DC8000FFF7E2FF002383F3118808BD194BD96821
:10DC900083688B4210B520D1302383F31188026949
:10DCA000013A0261B2B90468C368A0424B631ED056
:10DCB0008A6B9BB901238A60036103681A6802605A
:10DCC00050605A6B8360C2605863184600F068F871
:10DCD00000F0EAF8002383F3118810BD1C68A3420A
:10DCE00003D0A468A24238BF2246DB68E1E7826025
:10DCF000F0E700BF903D00200023826880F82430C8
:10DD000083691B6899689142FBD25A68036042603C
:10DD100010605860704700000023826880F824304B
:10DD200083691B6899689142FBD85A680360426016
:10DD3000106058607047000008B50846302383F330
:10DD4000118891F824200023052A06D8DFE802F084
:10DD50000B050503120E826A13604FF0FF338362D6
:10DD6000FFF7CAFF002383F3118808BD826A936816
:10DD700001339360D0E9003213605A60EDE7000090
:10DD8000034610B51B68984203D09C688A68944289
:10DD9000F8D25A680B604A601160596010BD0000EB
:10DDA000FFF7AABF38B50B4B1C68DD6885F8240067
:10DDB000226853601A600122DC60A36884F8242082
:10DDC000934201D100F03EFE29462046BDE838408E
:10DDD000F2F720BB903D00200C4B30B5DD684B1CAA
:10DDE00087B004460FD02B46094A684600F032FA45
:10DDF0002046FFF7D7FF009B13B1684600F034FAC6
:10DE0000A86A07B030BDFFF7CDFFF9E7903D0020CD
:10DE100039DD000870B50F4E04468162F3688168F1
:10DE20009A68914203D8BDE87040FFF765BF184675
:10DE3000FFF772FF83680546012B01D100F004FE55
:10DE4000012329462046F46084F82430BDE8704060
:10DE5000F2F7E0BA903D0020044B1A68DB68906846
:10DE60009B68984294BF002001207047903D00209D
:10DE700038B50C4B1C68DD68226853601A600122BB
:10DE8000DC6084F82420AB68934201D100F0DCFD13
:10DE90002846FFF741FF01462046BDE83840F2F72B
:10DEA000B9BA00BF903D0020044B1A68DB68926845
:10DEB0009B689A4201D9FFF7DBBF7047903D002075
:10DEC000C0E90000816070478368013B002B10B5FA
:10DED00083600CDA074BDC684368A06220606360F3
:10DEE0001C6044600520FFF75DFFA06A10BD0020A4
:10DEF000FCE700BF903D002008B5302383F3118874
:10DF0000FFF7E2FF002383F3118808BD826810B495
:10DF1000541E002C846013DA29B982604FF0FF3060
:10DF20005DF8044B7047074B4268DB685DF8044BB3
:10DF3000986218605A60136043600520FFF74CBF79
:10DF40000020EDE7903D002008B5302383F31188D1
:10DF5000FFF7DCFF002383F3118808BD83680133DA
:10DF6000002B836008DC03681A680260506000229E
:10DF700018469A62FFF714BF7047000038B50123B6
:10DF8000084C00252370656000F06CFE00F096FEE2
:10DF90000549064800F09AFF0223237085F3118893
:10DFA00038BD00BF48400020501B0108903D0020B4
:10DFB00008B572B6044BD86700F060FC00F02AFD8B
:10DFC000024B03221A70FEE7903D002048400020DB
:10DFD00000F080B98B608B630023CA6100F12802D6
:10DFE00088610A61C1E90C3302238B84012381F823
:10DFF000263001F11003C26A4A611360C36201F165
:10E000002C030846CB627047D0E90131026841F821
:10E01000203CA1F1A4034039CB60036941F8243CC2
:10E02000436941F8203C034B41F8043CC368024873
:10E03000FFF7D0BF2D040008903D002008B5FFF782
:10E04000E3FFBDE80840FFF7ABBE0000302383F3D9
:10E05000118890F82630013B80F82630436A03F09F
:10E06000FF130F2B0FD1D0E9043213605A60002345
:10E0700083F3118890F8253003F00303012B05D1B9
:10E08000006A00F0B7BE002383F3118870470000D8
:10E0900038B50E4BDC6804F12C05A062E06AA8429A
:10E0A0000FD194F826303BB994F825309B0702BF76
:10E0B000D4E9043213605A600F20BDE83840FFF7FE
:10E0C00071BE0368E362FFF76BFEE7E7903D002057
:10E0D000302383F31188FFF7DBBF000008B501464A
:10E0E000302383F311880820FFF776FE002383F3A3
:10E0F000118808BD064BDB6839B1426818605A6068
:10E10000136043600420FFF767BE4FF0FF30704795
:10E11000903D00200368984206D01A680260506063
:10E1200018469962FFF73CBE7047000038B50446B8
:10E130000D462068844200D138BD036823605C60CE
:10E140008562FFF72DFEF4E7036810B59C68A242D4
:10E150000CD85C688A600B604C60216059609968DB
:10E160008A1A9A604FF0FF33836010BD121B1B6840
:10E17000ECE700000A2938BF0A2170B504460D46B5
:10E180000A26601900F068FD00F050FD041BA5424E
:10E1900003D8751C04462E46F3E70A2E04D9012045
:10E1A000BDE8704000F0D8BE70BD0000F8B5144B5B
:10E1B0000D460A2A4FF00A07D96103F11001826067
:10E1C00038BF0A224160196914460160486018612D
:10E1D000A81800F031FD00F029FD431B0646A342BC
:10E1E00006D37C1C28192746354600F035FDF2E79A
:10E1F0000A2F04D90120BDE8F84000F0ADBEF8BDFB
:10E20000903D0020F8B506460D4600F00FFD0F4A80
:10E21000134653F8107F9F4206D12A4601463046E6
:10E22000BDE8F840FFF7C2BFD169BB68441A2C199A
:10E2300028BF2C46A34202D92946FFF79BFF22465E
:10E2400031460348BDE8F840FFF77EBF903D00200F
:10E25000A03D0020C0E90323002310B45DF8044B67
:10E260004361FFF7CFBF000010B5194C23699842F6
:10E270000DD08168D0E9003213605A609A680A4470
:10E280009A60002303604FF0FF33A36110BD026862
:10E29000234643F8102F53600022026022699A42FD
:10E2A00003D1BDE8104000F0D1BC936881680B44F5
:10E2B000936000F0BBFC2269E1699268441AA242B3
:10E2C000E4D91144BDE81040091AFFF753BF00BF5D
:10E2D000903D00202DE9F047DFF8BC8008F11007E1
:10E2E0002C4ED8F8105000F0A1FCD8F81C40AA68B9
:10E2F000031B9A423ED814444FF00009D5E900327E
:10E30000C8F81C4013605A60C5F80090D8F8103067
:10E31000B34201D100F09AFC89F31188D5E90331A9
:10E3200028469847302383F311886B69002BD8D097
:10E3300000F07CFC6A69A0EB040982464A450DD2D4
:10E34000022000F009FE0022D8F81030B34208D1B4
:10E3500051462846BDE8F047FFF728BF121A22446D
:10E36000F2E712EB09092946384638BF4A46FFF75B
:10E37000EBFEB5E7D8F81030B34208D01444C8F823
:10E380001C00211AA960BDE8F047FFF7F3BEBDE805
:10E39000F08700BFA03D0020903D002038B500F080
:10E3A00045FC054AD2E90845031B181945F100014F
:10E3B000C2E9080138BD00BF903D00204FF0FF309A
:10E3C00070470000002070474FF0FF30704700009A
:10E3D000002070474FF0FF30704700000120704769
:10E3E00000207047FEE70000704700004FF0FF304C
:10E3F00070470000BFF34F8F044B1A695107FCD1DF
:10E40000D3F810215207F8D1704700BF0020005206
:10E4100008B50D4B1B78ABB9FFF7ECFF0B4BDA6877
:10E42000D10704D50A4A5A6002F188325A60D3F8FB
:10E430000C21D20706D5064AC3F8042102F188321E
:10E44000C3F8042108BD00BF504000200020005246
:10E450002301674508B5114B1B78F3B9104B1A69B6
:10E46000510703D5DA6842F04002DA60D3F8102190
:10E47000520705D5D3F80C2142F04002C3F80C2115
:10E48000FFF7B8FF064BDA6842F00102DA60D3F812
:10E490000C2142F00102C3F80C2108BD50400020BD
:10E4A000002000520F289ABF00F580604004002031
:10E4B000704700004FF40030704700001020704794
:10E4C0000F2808B50BD8FFF7EDFF00F50033026801
:10E4D000013204D104308342F9D1012008BD00206B
:10E4E000FCE700000F2838B505463FD8FFF782FF4C
:10E4F0001F4CFFF78DFF4FF0FF3307286361C4F80F
:10E5000014311DD82361FFF775FF030243F0240384
:10E51000E360E36843F08003E36023695A07FCD4B7
:10E520002846FFF767FFFFF7BDFF4FF4003100F00B
:10E530004DFA2846FFF78EFFBDE83840FFF7C0BF11
:10E54000C4F81031FFF756FFA0F108031B0243F097
:10E550002403C4F80C31D4F80C3143F08003C4F820
:10E560000C31D4F810315B07FBD4D9E7002038BD5B
:10E57000002000522DE9F84F04460D46104644EAAB
:10E580000203DE0602D00020BDE8F88F20F01F0055
:10E59000DFF8D4B0DFF8D4A0FFF73AFF05EB0008AE
:10E5A000454503D10120FFF755FFEDE7202229461D
:10E5B000204600F09BFF10B920342035F0E72346B9
:10E5C00004F120021F68791CDDD104339342F9D194
:10E5D00004F178432048214EB3F5801F204B38BF0B
:10E5E000184603F1F80332BFD946D1461E46FFF75D
:10E5F00001FF0760A4EB050C336805F11C0143F033
:10E60000020333602B1FD9F8007017F00507FAD109
:10E6100053F8042F8B424CF80320F4D1BFF34F8FF3
:10E62000FFF7E8FE4FF0FF330360336823F0020387
:10E630003360BFF34F8F0B4BC3F85C42BFF34F8F78
:10E64000BFF36F8F20222946204600F04FFF00289D
:10E65000B2D03846A7E700BF142100520C20005268
:10E660001420005200ED00E0102000521021005252
:10E6700010B5084C237828B11BB9FFF7C9FE012358
:10E68000237010BD002BFCD02070BDE81040FFF7B8
:10E69000E1BE00BF504000202DE9F04F0D4685B08F
:10E6A000814658B111F00D0614BF2022082211F046
:10E6B0000803019304D0431E034269D0002435E0CF
:10E6C000002E37D009F11F0121F01F094FF001087A
:10E6D000314F05F00403DFF8CCA005EA080BBBF1CD
:10E6E000000F32D07869C0072FD408F101080C3729
:10E6F000B8F1060FF3D19EB9284D4946A8190192E9
:10E7000000F0FEFA0446002839D12036019AA02EE6
:10E71000F3D1494600F0F4FA044600282FD1019ABB
:10E7200049461F4800F0ECFA044660BB204605B09D
:10E73000BDE8F08F0029C9D101462846029200F0B9
:10E74000DFFA0446D8B9029AC0E713B178694107E5
:10E75000CBD5AC0702D578698007C6D5019911B130
:10E7600078690107C1D549460AEB4810CDE9022373
:10E7700000F0C6FA0446DDE902230028B5D04A4677
:10E780000021204601E04A460021F3F71DF8CDE7BD
:10E790000246002E96D199E7641B010894400020A0
:10E7A00054400020744000200021FFF775BF000096
:10E7B0000121FFF771BF000000231A4670B51A60EF
:10E7C0000433B3F5806FFAD1104D0124104E06EBDF
:10E7D000441001342A6955F80C1F00F07DFA062C0C
:10E7E000F5D137254FF4C0542046FFF7E1FF01462D
:10E7F00028B122460748BDE8704000F06DBAC4EB6E
:10E80000C404013D4FEAD404EED170BD641B01087D
:10E8100074400020544000200821FFF73DBF000055
:10E820004843FFF7C1BF000008B100F0E3BA7047EA
:10E830002DE9F347DDF8289005460E461746984621
:10E84000CDE9003913460A460146002000F016FBC8
:10E8500078B90446DFF820A03B46324629460AEB49
:10E860000400CDE9008900F009FB10B92034A02C88
:10E87000F2D102B0BDE8F0879440002038B5054DD4
:10E8800000240334696855F80C0B00F0B1F8122C21
:10E89000F7D138BD641B01080846FFF785BF0000AB
:10E8A0000846FFF7C1BF000038B5EFF311859DB9E9
:10E8B000EFF30584C4F30804302334B183F31188E3
:10E8C000FFF76CFD85F3118838BD83F31188FFF7DE
:10E8D00065FD84F3118838BDBDE83840FFF75EBDA3
:10E8E00010B5FFF7E1FF104CC008104A002340EAC2
:10E8F0004170C908A0FB04ECA0FB020E1CEB000059
:10E90000A1FB044CA1FB02125B41001943EB0C007C
:10E9100011EB0E0142F10002411842F10000090919
:10E9200041EA007010BD00BFCFF753E3A59BC420A0
:10E930000244074BD2B210B5904200D110BD441C26
:10E9400000B253F8200041F8040BE0B2F4E700BF36
:10E95000504000580E4B30B51C6F240405D41C6F7A
:10E960001C671C6F44F400441C670A4C0244236873
:10E97000D2B243F480732360074B904200D130BD84
:10E98000441C51F8045B00B243F82050E0B2F4E7B5
:10E9900000440258004802585040005807B5012270
:10E9A00001A90020FFF7C4FF019803B05DF804FB44
:10E9B00013B50446FFF7F2FFA04205D0012201A9DA
:10E9C00000200194FFF7C6FF02B010BD0144BFF361
:10E9D0004F8F064B884204D3BFF34F8FBFF36F8F27
:10E9E0007047C3F85C022030F4E700BF00ED00E0A0
:10E9F0000144BFF34F8F064B884204D3BFF34F8FC0
:10EA0000BFF36F8F7047C3F870022030F4E700BF88
:10EA100000ED00E070470000034B1A681AB9034A82
:10EA2000D2F8D0241A6070473441002000400258C8
:10EA300008B5FFF7F1FF024B1868C0F3806008BD0E
:10EA4000344100207047000070470000EFF3098355
:10EA5000054968334A6B22F001024A6383F309884F
:10EA6000002383F31188704700EF00E0302080F32B
:10EA7000118862B60D4B0E4AD96821F4E061090491
:10EA8000090C0A430B49DA60D3F8FC2042F080728B
:10EA9000C3F8FC20084AC2F8B01F116841F0010118
:10EAA00011602022DA7783F82200704700ED00E041
:10EAB0000003FA0555CEACC5001000E0302310B5B8
:10EAC00083F311880E4B5B6813F4006314D0F1EEEE
:10EAD000103AEFF309844FF08073683CE361094B0F
:10EAE000DB6B236684F30988FFF7B6F910B1064B98
:10EAF000A36110BD054BFBE783F31188F9E700BF65
:10EB000000ED00E000EF00E03F04000842040008D0
:10EB100070B5BFF34F8FBFF36F8F1A4A0021C2F851
:10EB20005012BFF34F8FBFF36F8F536943F400331D
:10EB30005361BFF34F8FBFF36F8FC2F88410BFF3E1
:10EB40004F8FD2F8803043F6E074C3F3C900C3F3AB
:10EB50004E335B0103EA0406014646EA817501393A
:10EB6000C2F86052F9D2203B13F1200FF2D1BFF36B
:10EB70004F8F536943F480335361BFF34F8FBFF31B
:10EB80006F8F70BD00ED00E0FEE70000214B2248D2
:10EB9000224A70B5904237D3214BC11EDA1C121A9B
:10EBA00022F003028B4238BF00220021F2F70CFE54
:10EBB0001C4A0023C2F88430BFF34F8FD2F8803054
:10EBC00043F6E074C3F3C900C3F34E335B0103EAB9
:10EBD0000406014646EA81750139C2F86C52F9D241
:10EBE000203B13F1200FF2D1BFF34F8FBFF36F8F94
:10EBF000BFF34F8FBFF36F8F0023C2F85032BFF3C4
:10EC00004F8FBFF36F8F70BD53F8041B40F8041B88
:10EC1000C0E700BF1C2001086841002068410020B7
:10EC20006841002000ED00E000F05CBA014B586A3A
:10EC3000704700BF000C0040034B002258631A616C
:10EC40000222DA60704700BF000C0040014B002236
:10EC5000DA607047000C0040014B5863704700BFFA
:10EC6000000C0040024B034A1A60034A5A60704786
:10EC7000384100206841002000000220094B70B597
:10EC8000D3E90054661BB04209D8201A4942084013
:10EC9000821A954203D8944201D35A6070BD002075
:10ECA000FCE700BF3841002008B5302383F311880A
:10ECB000FFF7E4FF002383F3118808BD0448054BE8
:10ECC00003600023C0E901330C30FEF771BF00BFC1
:10ECD00040410020A9EC0008CB1D083A23F00703AF
:10ECE000591A521A10B4D2080024C0E900438460B3
:10ECF0000C301C605A605DF8044BFEF759BF0000F1
:10ED00002DE9F74FCC1D3A4F0E4624F0070300289B
:10ED100018BF0746994204D90024204603B0BDE835
:10ED2000F08F082A07F10C004FEAD40438BF0822FC
:10ED300001909046FEF77EFF3A1D019808F1070EFC
:10ED4000C8F100099446126872B9FEF79FFF3B684C
:10ED5000002BE1D0E00008224146984704460028F5
:10ED6000DBD040E90276D8E702EB0E01D2F804A02E
:10ED700001EA09010AF10105A1F1080302EBC50549
:10ED80009D42DFD9691AB4EBE10F4FEAE10BD9D804
:10ED90009A4219D202F10801A345A3EB01014FEAFF
:10EDA000E101516009D9651CE44303EBC5015C44F2
:10EDB0004C60146843F8354011601C465E6044F8AE
:10EDC000087BFEF763FFA8E7A245116803D1CCF8E2
:10EDD00000101346F1E7013402EBC40342F834108B
:10EDE00003F108016D1AED105D60CCF80030F0E71A
:10EDF0004041002073B50446A0F1080550F8080C06
:10EE000054F8043C061D0C3007330190DB0844F82D
:10EE1000043CFEF70FFF334601989E421A6801D06A
:10EE2000AB4228D20AB1954225D244F8082C54F8B6
:10EE3000042C1D60013254F8081C05EBC206B142D7
:10EE400006D14E68324444F8042C0A6844F8082C71
:10EE50005E68711C03EBC1018D4207D154F8042C8C
:10EE6000013232445A6054F8082C1A6002B0BDE8EE
:10EE70007040FEF70BBF1346CFE70000F0B5174612
:10EE800087B008220E461D46FFF73AFF0446C0B180
:10EE90000C9B344404930D9BCDE900700593302303
:10EEA000CDE9024583F311886846FFF7ADF80123E9
:10EEB0000021044680F82530FEF7ACFF002383F3E1
:10EEC0001188204607B0F0BDFEE7000070B51E4B6C
:10EED0000025044686B058600E4605638163FFF73F
:10EEE000C5FD04F12803A5606563C4E90A3304F194
:10EEF0001003C4E904334FF0FF33C4E90044C4E90C
:10EF00000635FFF793FE2B46024604F13C012046EE
:10EF1000C4E9082380230D4AE567FFF75BF87368AF
:10EF2000E0600B4A03620123009280F824306846B7
:10EF3000F26801923269CDE90223064BCDE904352E
:10EF4000FFF77CF806B070BD48400020B41B0108F4
:10EF5000AC1B0108C9EE0008024A536B184350630A
:10EF6000704700BF903D00204B6843608B68836012
:10EF7000CB68C3600B6943614B6903628B69436271
:10EF80000B6803607047000008B53C4B40F2FF710E
:10EF90003B48D3F888200A43C3F88820D3F8882058
:10EFA00022F4FF6222F00702C3F88820D3F88820F9
:10EFB000D3F8E0200A43C3F8E020D3F808210A433D
:10EFC000C3F808212F4AD3F808311146FFF7CCFFC8
:10EFD00000F5806002F11C01FFF7C6FF00F58060BC
:10EFE00002F13801FFF7C0FF00F5806002F1540123
:10EFF000FFF7BAFF00F5806002F17001FFF7B4FF80
:10F0000000F5806002F18C01FFF7AEFF00F5806033
:10F0100002F1A801FFF7A8FF00F5806002F1C4012A
:10F02000FFF7A2FF00F5806002F1E001FFF79CFF0F
:10F0300000F5806002F1FC01FFF796FF02F58C718C
:10F0400000F58060FFF790FF00F018F90E4BD3F841
:10F05000902242F00102C3F89022D3F8942242F0A9
:10F060000102C3F894220522C3F898204FF06052A1
:10F07000C3F89C20054AC3F8A02008BD00440258EC
:10F0800000000258E01B010800ED00E01F0008032B
:10F0900008B500F0FDF9FEF771FF0F4BD3F8DC2047
:10F0A00042F04002C3F8DC20D3F8042122F04002F1
:10F0B000C3F80421D3F80431084B1A6842F008025F
:10F0C0001A601A6842F004021A60FFF7A5FCBDE856
:10F0D0000840FFF771BB00BF004402580018024807
:10F0E00070470000114BD3F8E82042F00802C3F843
:10F0F000E820D3F8102142F00802C3F810210C4A8E
:10F10000D3F81031D36B43F00803D363C722094B04
:10F110009A624FF0FF32DA6200229A615A63DA6033
:10F120005A6001225A611A60704700BF00440258B9
:10F130000010005C000C0040094A08B51169D36852
:10F140000B40D9B29B076FEA0101116107D530234B
:10F1500083F31188FEF73CFF002383F3118808BD79
:10F16000000C0040064BD3F8DC200243C3F8DC203F
:10F17000D3F804211043C3F80401D3F804317047D5
:10F180000044025808B53C4B4FF0FF31D3F88020C3
:10F1900062F00042C3F88020D3F8802002F00042E1
:10F1A000C3F88020D3F88020D3F88420C3F88410DB
:10F1B000D3F884200022C3F88420D3F88400D86FC9
:10F1C00040F0FF4040F4FF0040F4DF4040F07F009B
:10F1D000D867D86F20F0FF4020F4FF0020F4DF4014
:10F1E00020F07F00D867D86FD3F888006FEA4050CE
:10F1F0006FEA5050C3F88800D3F88800C0F30A00C3
:10F20000C3F88800D3F88800D3F89000C3F89010B2
:10F21000D3F89000C3F89020D3F89000D3F894006E
:10F22000C3F89410D3F89400C3F89420D3F8940052
:10F23000D3F89800C3F89810D3F89800C3F8982032
:10F24000D3F89800D3F88C00C3F88C10D3F88C0056
:10F25000C3F88C20D3F88C00D3F89C00C3F89C1022
:10F26000D3F89C10C3F89C20D3F89C30FDF7D2FC57
:10F27000BDE8084000F0F4B80044025808B5554B0A
:10F28000D3F8F42042F00202C3F8F420D3F81C2192
:10F2900042F00202C3F81C210222D3F81C314E4B6B
:10F2A000DA605A689104FCD54C4A4FF440411A6028
:10F2B00001229A604A4ADA6000221A619961494B38
:10F2C000DA6203F511339A699204FCD51A6842F4A4
:10F2D00080721A603F4B1A6F12F4407F04D04FF4D3
:10F2E00080321A6700221A671A6842F001021A6017
:10F2F000384B1A685007FCD500221A611A6912F0BF
:10F300003802FBD1012119604FF0804159604FF064
:10F310000051D9605A67344ADA62344A1A611A686D
:10F3200042F480321A602B4B1A689103FCD51A689C
:10F3300042F480521A601A689204FCD52C4A2D4976
:10F340009A6200225A63196301F57C01DA6301F2C3
:10F35000E71199635A64284A1A64284ADA621A68DB
:10F3600042F0A8521A601B4B1A6802F02852B2F100
:10F37000285FF9D148229A614FF48862DA6140220D
:10F380001A621F4ADA641F4A1A651F4A5A651F4AE1
:10F390009A6532231E4A1360136803F00F03022B91
:10F3A000FAD10C4A136943F003031361136903F0A4
:10F3B0003803182BFAD14FF00050FFF7D3FE4FF06F
:10F3C0008040FFF7CFFE4FF00040BDE80840FFF758
:10F3D000C9BE00BF004402580048025800C000F0F7
:10F3E00002000001000400580000FF01008890089E
:10F3F0002220400063020901470E0508DD0BBF0112
:10F4000020000020000001100910E00000010110A0
:10F410000020005208B50348FEF7A0F8BDE80840F8
:10F42000FFF74CBB6430002008B50348FEF796F8A0
:10F43000BDE80840FFF742BBC830002008B50348CC
:10F44000FEF78CF8BDE80840FFF738BB2C310020F0
:10F4500008B5FFF771FEBDE80840FFF72FBB0000BD
:10F4600008B509217A20FEF7FDF807213220FEF7C2
:10F47000F9F80C212720FEF7F5F80C213520FEF7CE
:10F48000F1F80C215220BDE80840FEF7EBB800006F
:10F4900008B5FFF777FE00F009F8FEF7EFFAFFF77F
:10F4A0001FFEBDE80840FFF7BFBB0000704700002B
:10F4B0000B460146184600F005B800000A2200215C
:10F4C00000F072B910B5054C13462CB10A4601463E
:10F4D0000220AFF3008010BD2046FCE700000000D2
:10F4E000014B1868704700BF5823002010B5013940
:10F4F0000244904201D1002005E0037811F8014F49
:10F50000A34201D0181B10BD0130F2E72DE9F041F4
:10F51000A3B1C91A17780144044603F1FF3C8C4299
:10F52000204601D9002009E00578BD4204F101041C
:10F53000F5D10CEB0405D618A54201D1BDE8F08148
:10F5400015F8018D16F801EDF045F5D0E7E700005C
:10F55000164B10B51C68A36BB3B91820FFF724F93C
:10F56000A06328B90246124B12484E2100F0A2F9BE
:10F57000114A124BC0E90023114B83600B23838196
:10F5800001220023C0E90423A46B0E4A20696369A9
:10F590000D49424301FB0322A0FB0101431C42EB46
:10F5A0000100C4E9043020F0004010BD58230020C1
:10F5B0001C1E0108331E01080E33CDAB34126DE65C
:10F5C000ECDE05002DF451582D7F954CC9B2034651
:10F5D00010F8012B1AB18A42F9D118467047002958
:10F5E00018BF0023F9E70000034611F8012B03F8C8
:10F5F000012B002AF9D1704710B50139034632B109
:10F6000011F8014F03F8014B013A002CF7D11A44CD
:10F610000021934200D110BD03F8011BF9E700005F
:10F620000A7870B56AB970BD9A4209D10C46054690
:10F6300014F8013F002BF6D015F8016F9E42F7D069
:10F6400001300378002BEFD11846ECE7F0B508B98C
:10F65000106888B10446204614F8015B0F4617F87D
:10F66000016B1EB965B91560284605E0B542F6D1B3
:10F67000002BF0D114600370F0BD1C460CE015B9EE
:10F6800014F8013B0E4616F8015BAB42F7D1002B94
:10F69000F3D0002304F8013C1460EDE70123FFF7E9
:10F6A000D5BF0000012B2DE9F04701D0242B06D94E
:10F6B000FFF716FF162303600020BDE8F087DFF890
:10F6C000E4C00D462E4615F8014B14F80C7017F0E7
:10F6D0000807F7D12D2C32D12C780127B51C002B2F
:10F6E0005BD0102B09D1302C07D12C7804F0DF042B
:10F6F000582C4DD16C781023023507F1004808F1E1
:10F70000FF384FF0000CB8FBF3F9664603FB198A8B
:10F71000A4F1300EBEF1090F16D87446A34224DDC1
:10F72000BCF1000F1EDBB1451CD301D1A24519DB92
:10F7300006FB03464FF0010C15F8014BE8E72B2CB4
:10F7400004BF2C78B51CCAE7A4F1410EBEF1190F15
:10F7500001D8373CE2E7A4F1610EBEF1190F04D8DD
:10F76000573CDBE74FF0FF3CE6E7BCF1000F05DA62
:10F7700022230360464642B930469EE707B17642EF
:10F78000002AF9D0BCF1000F00D0691E1160F3E728
:10F790003024002BB1D10823AFE7302CA5D00A23A9
:10F7A000ABE700BF151D010813460A460146024893
:10F7B0000068FFF777BF00BF582300202DE9F04312
:10F7C000364F86460D46284615F8014BE65D16F085
:10F7D0000806F8D12D2C2FD12C780126851C002B62
:10F7E00057D0102B09D1302C07D1287800F0DF003A
:10F7F000582849D16C78102302354FF0FF38002784
:10F80000B8FBF3F803FB08F96FEA09093846A4F1DD
:10F81000300CBCF1090F14D86446A34222DD002F3E
:10F820001DDB80451BD301D1A14518DB00FB034044
:10F83000012715F8014BEAE72B2C04BF2C78851C17
:10F84000CDE7A4F1410CBCF1190F01D8373CE4E736
:10F85000A4F1610CBCF1190F04D8573CDDE74FF05F
:10F86000FF37E6E7002F07DA2223CEF800304FF00B
:10F87000FF3032B9BDE8F08306B14042002AF9D02A
:10F8800007B1691E1160F5E73024002BB5D10823BC
:10F89000B3E7302CA9D00A23AFE700BF151D01083C
:10F8A00013460A46014602480068FFF787BF00BFBB
:10F8B000582300201FB514461A46094B1B680546FD
:10F8C000D8684CB1074B0091CDE9013406492B466D
:10F8D00000F00EF800F0CCFB044B1C46F3E700BF31
:10F8E000582300208C1E0108991E010848090108B0
:10F8F0000EB403B5014603AB054853F8042B00686A
:10F90000019300F031F802B05DF804EB03B07047EA
:10F91000582300209368013B002B10B4936008DA51
:10F920009469A34201DB0A2903D15DF8044B00F07E
:10F93000DFBA1368581C1060197008465DF8044B54
:10F9400070470000F8B506460F461446D518AC427D
:10F9500001D1002007E014F8011B3A463046FFF7BA
:10F96000D9FF431CF3D1F8BD2DE9F04F0D469DB0F2
:10F9700014469846064618B183690BB900F09AFC04
:10F98000894B9D421BD175686B6ED90705D4AB8935
:10F990009A0502D4A86D00F02DFDAB891B0701D597
:10F9A0002B69EBB92946304600F0F4FAC0B16B6E12
:10F9B000DC070ED54FF0FF301DB0BDE8F08F7B4B5C
:10F9C0009D4201D1B568DFE7794B9D4208BFF568DC
:10F9D000DAE7AB899805EDD4A86D00F00DFDE9E7F5
:10F9E0000023099320238DF82930CDF80C80302393
:10F9F000DFF8C0818DF82A304FF0010923469A467E
:10FA000013F8012B0AB1252AF9D1BAEB040B0BD05C
:10FA10005B46224629463046FFF794FF013000F04E
:10FA2000AA80099A5A4409929AF80030002B00F0F3
:10FA3000A28000234FF0FF32CDE905230AF1010A2D
:10FA4000049307938DF853301A935446052214F803
:10FA5000011B5848F0F7F8FC049AD8B9D10644BF06
:10FA600020238DF85330130744BF2B238DF85330D8
:10FA70009AF800302A2B15D0079A544600204FF0F0
:10FA80000A0C214611F8013B303B092B4ED9B0B18D
:10FA9000079214E0A0EB080309FA03F3134304935D
:10FAA000A246D2E7039B191D1B680391002BBBBF25
:10FAB0005B4242F0020207930793B8BF0492237897
:10FAC0002E2B0CD163782A2B35D1039B1A1D1B6872
:10FAD0000392002BB8BF4FF0FF3302340593DFF8D9
:10FAE000E4A0217803225046F0F7AEFC40B1402359
:10FAF000A0EB0A0003FA00F0049B034301340493D3
:10FB000014F8011B2C488DF828100622F0F79CFCF5
:10FB100000283FD0294B1BBB039B073323F007036F
:10FB200008330393099B3B44099367E70CFB0232BC
:10FB30000C460120A5E700230134059319464FF038
:10FB40000A0C204610F8012B303A092A03D9002B61
:10FB5000C5D00591C3E70CFB012104460123F0E762
:10FB600003AB00932A46164B04A93046AFF300803E
:10FB70000746781CD6D16B6ED90705D4AB899A0598
:10FB800002D4A86D00F038FCAB895B063FF512AFDC
:10FB9000099811E703AB00932A46094B04A93046A4
:10FBA00000F080F8E4E700BF201F0108401F0108B3
:10FBB000001F0108C81E0108D21E01080000000035
:10FBC00045F90008CE1E01082DE9F0471646994672
:10FBD0008A680B69DDF820809342B8BF1346336012
:10FBE00091F8432007460C460AB10133336023687D
:10FBF000990642BF336802333360256815F0060565
:10FC000006D104F1190AE36832689B1AAB4226DC7C
:10FC100094F84320131E226818BF012392062BD4A8
:10FC200004F1430249463846C04701301ED02368DC
:10FC3000E568326803F00603042B08BFAD1AA36819
:10FC400022690CBF25EAE57500259342C4BF9B1AC3
:10FC5000ED1800261A34B5421AD1002008E001231D
:10FC6000524649463846C047013003D14FF0FF3075
:10FC7000BDE8F0870135C6E7E1185A1C302081F84D
:10FC80004300224494F8451082F843100233C7E73A
:10FC90000123224649463846C0470130E6D00136A6
:10FCA000D9E700002DE9FF470F7E0C9D782F914684
:10FCB00080460C469A4601F1430207D8622F0AD8C3
:10FCC000002F00F0D880582F00F0A38004F14205E7
:10FCD00084F842703AE0A7F16303152BF6D801A12E
:10FCE00051F823F03DFD000851FD0008CDFC00084F
:10FCF000CDFC0008CDFC0008CDFC000851FD00083B
:10FD0000CDFC0008CDFC0008CDFC0008CDFC0008AF
:10FD10005DFE000881FD00083FFE0008CDFC0008E4
:10FD2000CDFC00087FFE0008CDFC000881FD000826
:10FD3000CDFC0008CDFC000847FE00082B681A1D0A
:10FD40001B682A6004F1420584F842300123A3E0D5
:10FD500020682968060601F104030AD50E682B60A5
:10FD6000002E03DA2D23764284F843305E480A23BE
:10FD700019E00E682B6010F0400F18BF36B2EFE7A5
:10FD80002B682068191D2960010601D51E6802E054
:10FD90004606FBD51E8854486F2F0CBF08230A2344
:10FDA000002184F843106568A560002DA2BF21687A
:10FDB00021F0040121600EB9002D4DD01546B6FB8F
:10FDC000F3F103FB1167C75D05F8017D3746BB42C0
:10FDD0000E46F4D9082B0BD12368DE0708D523691A
:10FDE00061689942DEBF302305F8013C05F1FF351B
:10FDF000521B2261CDF800A04B4603AA2146404683
:10FE0000FFF7E2FE01304CD14FF0FF3004B0BDE807
:10FE1000F087354881F845702968236851F8046BEC
:10FE200029601D0614D5DF0744BF43F0200323607B
:10FE30001EB9236823F0200323601023B0E7236852
:10FE400043F0200323607823284884F84530E3E713
:10FE5000590648BFB6B2E6E71546BBE72B682668E9
:10FE60006169181D286035061B6801D5196002E01C
:10FE70007006FBD51980002323611546BAE72B686D
:10FE80001A1D2A601D68626800212846F0F7DCFA16
:10FE900008B1401B606063682361002384F843302D
:10FEA000A8E723692A4649464046D0470130ABD0EF
:10FEB00023689B0713D4E068039B9842B8BF184699
:10FEC000A4E70123324649464046D04701309BD043
:10FED0000135E36803995B1AAB42F2DCEBE70025DE
:10FEE00004F11906F5E700BFDC1E0108ED1E01084C
:10FEF000F8B50E461446054618B183690BB900F0F3
:10FF0000D9F9214B9C422BD16C68A369A360A389CA
:10FF10001A072FD523696BB323692068C01A636958
:10FF2000F6B28342374604DC2146284600F02EF91B
:10FF300030BBA368013BA36023685A1C22601E707B
:10FF400063690130834204D0A389DB0706D50A2EFA
:10FF500004D12146284600F019F988B93846F8BD81
:10FF60000A4B9C4201D1AC68CFE7094B9C4208BFC9
:10FF7000EC68CAE72146284600F00CF80028CBD0F0
:10FF80004FF0FF37EAE700BF201F0108401F0108BC
:10FF9000001F0108324B70B51D6806460C4625B19E
:10FFA000AB6913B9284600F085F92E4B9C420FD15E
:10FFB0006C68A389B4F90C2019072CD4DD0611D480
:10FFC0000923336042F04003A3814FF0FF303EE04D
:10FFD000254B9C4201D1AC68EBE7244B9C4208BF07
:10FFE000EC68E6E7580712D5616B41B104F14403B0
:10FFF000994202D03046FEF753FC00236363A38985
:020000040801F1
:1000000023F02403A3810023636023692360A38971
:1000100043F00803A38123694BB9A38903F4207338
:10002000B3F5007F03D02146304600F00DFAA089D9
:10003000B4F90C2010F001030AD00023A360636917
:100040005B42A361236943B910F08000BAD170BD4F
:10005000810758BF6369A360F4E70020F7E700BF9A
:1000600058230020201F0108401F0108001F01081D
:1000700008B5062000F050FA0120FEF7B3F90000A1
:100080008A892DE9F041054610070C4658D44B6883
:10009000002B05DC0B6C002B02DC0020BDE8F0819E
:1000A000E66A002EF9D0002312F480522F682B60EC
:1000B00032D0606DA3895A0705D56368C01A636B97
:1000C0000BB1236CC01A00230246E66A216A284657
:1000D000B047431CA38906D129681D292CD82A4A78
:1000E000CA40D60728D500226260D904226922605E
:1000F00004D5421C01D12B6803B96065616B2F6088
:100100000029CAD004F14403994202D02846FEF7E0
:10011000C7FB00206063C1E7216A01232846B0477E
:10012000411CC7D12B68002BC4D01D2B01D0162B2E
:1001300001D12F60B1E7A38943F04003A381ADE76C
:100140000F69002FA9D093070E6808BF4B690F6095
:1001500018BF0023A6EB07088B60B8F1000F9CDDE9
:10016000216AA66A43463A462846B047002806DC7C
:10017000A38943F04003A3814FF0FF308EE707448B
:10018000A8EB0008E9E700BF0100402038B50B6983
:1001900005460C4613B90025284638BD18B18369B9
:1001A0000BB900F087F8144B9C421BD16C68B4F972
:1001B0000C30002BEFD0626ED00704D4990502D426
:1001C000A06D00F017F928462146FFF759FF636E2E
:1001D000DA070546E0D4A3899B05DDD4A06D00F0C5
:1001E0000BF9D9E7054B9C4201D1AC68DFE7044B22
:1001F0009C4208BFEC68DAE7201F0108401F010895
:10020000001F0108002310B50446C0E90033C0E90F
:100210000433836081814366C28183611946082269
:100220005C30F1F7D1FA054B6362054BA362054BD5
:10023000E362054B2462236310BD00BF5105010832
:1002400075050108AD050108D1050108014900F057
:10025000AFB800BF8D01010870B568224D1E55432F
:100260000E4605F17401FEF717FB044640B100216C
:10027000C0E900160C30A06005F16802F1F7A4FA9D
:10028000204670BD014800F0B5B800BF60410020B5
:10029000014800F0B1B800BF60410020014800F003
:1002A000A9B800BF61410020014800F0A5B800BF17
:1002B0006141002010B50446FFF7F0FFA3691BB1B0
:1002C000BDE81040FFF7F0BFC4E912332365134BBC
:1002D000134A1B68A262A34204BF0123A361204604
:1002E00000F020F86060204600F01CF8A060204676
:1002F00000F018F80022E06004216068FFF782FF38
:10030000A06801220921FFF77DFFE0680222122187
:10031000FFF778FF0123A361D2E700BF181E010891
:100320004D020108F8B50746FFF7ACFF1E4B1E68EB
:10033000B36913B93046FFF7BDFF4836D6E901343B
:10034000013B03D533680BB33668F7E7B4F90C50BB
:10035000D5B9164BE36004F15800656600F048F823
:10036000FFF796FFC4E90155C4E904552560A5616E
:100370000822294604F15C00F1F726FAC4E90D557C
:10038000C4E912552046F8BD6834D9E7042138463F
:10039000FFF762FF044630600028D5D1FFF778FFF1
:1003A0000C233B60EEE700BF181E01080100FFFFB1
:1003B0002DE9F8430646884600F148040027D4E9B1
:1003C0000195B9F1010905D52468002CF7D138460B
:1003D000BDE8F883AB89012B07D9B5F90E3001339D
:1003E00003D029463046C04707436835E9E7000097
:1003F00070470000704700007047000070B50E465F
:10040000B1F90E10002996B014461D4608DAB6F967
:100410000C3000222A601A0610D44FF480630EE0DC
:100420006A4600F0FBF80028F1DB019A02F4704202
:10043000A2F500535A425A412A60EEE740230020B9
:10044000236016B070BD00008B8973B59D0706460A
:100450000C4607D504F14703236023610123636140
:1004600002B070BD01AB6A46FFF7C8FF00990546B0
:100470003046FEF711FA48B9B4F90C309A05EFD4BA
:1004800023F0030343F00203A381E3E70D4BB362C0
:10049000A389206043F08003A381009B6361019BDB
:1004A00020615BB1B4F90E10304600F0C9F828B1F4
:1004B000A38923F0030343F00103A381A08905432B
:1004C000A581CDE74D0201081F2938B504460D4628
:1004D00004D9162303604FF0FF3038BD426C12B1CF
:1004E00052F821304BB9204600F030F82A46014638
:1004F0002046BDE8384000F017B8012B0AD0591C3F
:1005000003D1162303600120E7E7002442F82540C9
:10051000284698470020E0E7024B01461868FFF79D
:10052000D3BF00BF5823002038B5074D0023044631
:10053000084611462B60FDF759FF431C02D12B687A
:1005400003B1236038BD00BF64410020FDF748BF00
:1005500010B50C46B1F90E1000F094F80028ABBFAE
:10056000636DA3891B1823F48053ACBF6365A3811B
:1005700010BD00002DE9F0411F468B89DB050546C3
:100580000C46164605D5B1F90E100223002200F0E4
:1005900067F8A389B4F90E1023F48053A38132467F
:1005A0003B462846BDE8F04100F016B810B50C46B1
:1005B000B1F90E1000F054F8431CA38915BF606513
:1005C00023F4805343F48053A38118BFA38110BD4B
:1005D000B1F90E1000F012B838B5074D04460846C0
:1005E000114600222A601A46FDF7EEFE431C02D196
:1005F0002B6803B1236038BD6441002038B5064D37
:100600000023044608462B60FDF7E2FE431C02D19E
:100610002B6803B1236038BD6441002038B5074D15
:1006200000230446084611462B60FDF7D3FE431C09
:1006300002D12B6803B1236038BD00BF64410020A4
:1006400038B5064D0023044608462B60FDF7C6FE6C
:10065000431C02D12B6803B1236038BD64410020E4
:1006600038B5074D04460846114600222A601A464E
:10067000FDF7A8FE431C02D12B6803B1236038BDEF
:100680006441002038B5074D044608461146002253
:100690002A601A46FDF792FE431C02D12B6803B173
:1006A000236038BD6441002062363034343339630E
:1006B000323538643430316200000000121000001E
:1006C000121100001213000043323A41463A35310C
:1006D0003A30333A43463A34360031302E392E33ED
:1006E0002E34340031302E392E332E310032353550
:1006F0002E3235352E3235352E30004661696C6527
:100700006420746F20696E697469616C6973652017
:100710006E65746966000000302E302E302E300079
:100720007765625F72657175657374006E65747765
:100730006F726B007765625F736572766572000039
:1007400045726173696E67202E2E2E00466C6173B0
:1007500068696E67202575252500466C61736820E1
:10076000646F6E653A204F4B003C68746D6C3E3C84
:10077000686561643E3C6D65746120687474702DB9
:1007800065717569763D22726566726573682220AF
:10079000636F6E74656E743D22343B2075726C3DE0
:1007A0002F223E3C2F686561643E3C626F64793E57
:1007B000466C617368204F4B2C20626F6F74696EBA
:1007C000673C2F626F64793E3C2F68746D6C3E000D
:1007D000466C61736820646F6E653A204552523AE8
:1007E00025750000485454502F312E3120323030BE
:1007F000204F4B0D0A436F6E74656E742D547970E3
:10080000653A20746578742F68746D6C0D0A436FB7
:100810006E6E656374696F6E3A20636C6F73650DFD
:100820000A0D0A00504F5354202F20000D0A436F29
:100830006E74656E742D4C656E6774683A000D0AAF
:10084000636F6E74656E742D6C656E6774683A00C4
:10085000474554202F626F6F746C6F616465725FDF
:100860007374617475732E68746D6C004745542001
:100870002F5245424F4F5400696E6465782E68745C
:100880006D6C003C68746D6C3E3C686561643E3C18
:100890006D65746120687474702D65717569763D3D
:1008A00022726566726573682220636F6E74656E6E
:1008B000743D22323B2075726C3D2F223E3C2F68E6
:1008C0006561643E3C2F68746D6C3E00424F41523E
:1008D000445F4E414D4500435541562D372D4E61E5
:1008E0006E6F00424F4152445F4944003730303010
:1008F00000464C4153485F53495A45003230343822
:100900000000000053544D333248373F3F3F0053FF
:10091000544D3332483733782F3732780053544DA3
:100920003332483734332F3735332F3735300000E3
:1009300001105A00031059000120580003205600EE
:1009400040A2E4F1646891060041A3E5F265699272
:10095000070000004C5749503A2575000102030476
:10096000050607070707070707000000B426002051
:10097000B0260020A8260020C026002003060C1860
:1009800030607800FA0000002D380008E80300000D
:10099000698D0008E80300008D7C000860EA000013
:1009A00011770008F4010000A57800086400000039
:1009B000C5650008640000004586000801031C00AE
:1009C00000000000FFFFFFFF74637069705F7468D0
:1009D0007265616400000000FFFFFFFFFFFF000081
:1009E00000000000000000006C7769703A2046614A
:1009F000696C656420746F2073746172742074680C
:100A0000726561642025730068776465662E646191
:100A1000740000004D43552053544D33324837780D
:100A2000782053544D33324837343378780A4F5353
:100A300043494C4C41544F525F485A203136303074
:100A4000303030300A41504A5F424F4152445F4992
:100A5000442041505F48575F435541562D372D4E36
:100A6000414E4F0A464C4153485F524553455256FA
:100A7000455F53544152545F4B4220300A464C412B
:100A800053485F424F4F544C4F414445525F4C4F87
:100A900041445F4B42203132380A464C4153485F53
:100AA00053495A455F4B4220323034380A646566F8
:100AB000696E652043485F4346475F5553455F4530
:100AC00056454E545320310A756E6465662043487E
:100AD0005F4346475F5553455F53454D4150484F2F
:100AE0005245530A646566696E652043485F434614
:100AF000475F5553455F53454D4150484F5245530D
:100B000020310A756E6465662043485F4346475F3F
:100B10005553455F4D5554455845530A64656669BC
:100B20006E652043485F4346475F5553455F4D55CB
:100B3000544558455320310A756E64656620434814
:100B40005F4346475F5553455F484541500A6465DA
:100B500066696E652043485F4346475F5553455F6E
:100B60004D454D434F524520310A646566696E65B7
:100B70002043485F4346475F5553455F48454150D2
:100B800020310A646566696E652043485F434647C5
:100B90005F5553455F524547495354525920310AD6
:100BA000646566696E652043485F4346475F5553F9
:100BB000455F44594E414D494320310A6465666999
:100BC0006E652043485F4346475F5553455F574135
:100BD00049544558495420310A524F4D46535F57A6
:100BE000494C444341524420546F6F6C732F415021
:100BF0005F426F6F746C6F616465722F5765622F0F
:100C00002A2E68746D6C0A656E7620524F4D4653DD
:100C10005F554E434F4D50524553534544205472F7
:100C200075650A4558545F464C4153485F53495ACD
:100C3000455F4D4220300A756E6465662041505F05
:100C4000424F4F544C4F414445525F464C415348EC
:100C50005F46524F4D5F53445F454E41424C4544C1
:100C60000A646566696E652043485F4346475F5482
:100C700048524541445F45585452415F4649454CAE
:100C80004453207374727563742063685F74687270
:100C9000656164202A64656C6574655F6E6578744F
:100CA0003B0A50433120204554485F4D44432020A7
:100CB00020202020202020202020455448310A5088
:100CC000413220204554485F4D44494F2020202088
:100CD00020202020202020455448310A5043342031
:100CE000204554485F524D49495F525844302020B6
:100CF00020202020455448310A50433520204554B7
:100D0000485F524D49495F525844312020202020ED
:100D100020455448310A50473133204554485F52EA
:100D20004D49495F5458443020202020202045540C
:100D300048310A50473132204554485F524D4949A5
:100D40005F54584431202020202020455448310A47
:100D500050423131204554485F524D49495F545803
:100D60005F454E2020202020455448310A5041370D
:100D700020204554485F524D49495F4352535F44D8
:100D80005620202020455448310A5041312020452A
:100D900054485F524D49495F5245465F434C4B2092
:100DA0002020455448310A50473135204574686544
:100DB000726E65745F5057525F454E204F555450C8
:100DC000555420484947480A646566696E65204263
:100DD0004F4152445F5048595F494420204D494992
:100DE0005F4C414E38373432415F49440A6465668E
:100DF000696E6520424F4152445F5048595F524DE1
:100E000049490A646566696E652048414C5F5553DF
:100E1000455F43414E2046414C53450A646566692F
:100E20006E652041505F4E4554574F524B494E47D7
:100E30005F43414E5F4D434153545F454E41424CE9
:100E4000454420300A646566696E652048414C5F00
:100E50004E554D5F43414E5F494641434553203017
:100E60000A646566696E652041505F4E4554574F70
:100E7000524B494E475F454E41424C454420310A52
:100E8000646566696E652041505F424F4F544C4F18
:100E9000414445525F4E4554574F524B5F454E417A
:100EA000424C454420310A646566696E65204150B4
:100EB0005F424F4F544C4F414445525F4E4554574B
:100EC0004F524B5F5553455F4448435020310A64AD
:100ED0006566696E652048414C5F424F4F544C4FE8
:100EE000414445525F4255494C4420545255450AAD
:100EF000646566696E65204C5749505F44484350AD
:100F000020310A646566696E652041505F4E455424
:100F1000574F524B494E475F424F4F544C4F4144FD
:100F200045525F44454641554C545F49502022315B
:100F3000302E392E332E3434220A646566696E658C
:100F40002041505F4E4554574F524B494E475F42E8
:100F50004F4F544C4F414445525F44454641554CD8
:100F6000545F47415445574159202231302E392E84
:100F7000332E31220A646566696E652041505F4EEA
:100F80004554574F524B494E475F424F4F544C4F79
:100F9000414445525F44454641554C545F4E45548B
:100FA0004D41534B20223235352E3235352E3235D8
:100FB000352E30220A52414D5F5245534552564517
:100FC0005F5354415254203235360A48414C5F42F7
:100FD0004F4F544C4F414445525F54494D454F5536
:100FE000542033363030303030300A756E646566E8
:100FF0002048414C5F5553455F53455249414C5F32
:101000005553420A646566696E652041505F4348E6
:1010100045434B5F4649524D574152455F454E410E
:10102000424C454420310A53455249414C5F4F528E
:101030004445522055415254372055415254352091
:101040005553415254330A50413133204A544D5381
:101050002D535744494F205357440A5041313420AF
:101060004A54434B2D5357434C4B205357440A503B
:101070004939202049434D34323635325F435320BD
:1010800043530A5048352020424D493038385F419B
:101090005F43532043530A5047322020424D49308A
:1010A00038385F475F43532043530A50443135205B
:1010B000424D503538315F43532043530A50473730
:1010C00020204652414D5F43532043530A50453838
:1010D000202055415254375F5458205541525437BF
:1010E0000A504636202055415254375F52582055F9
:1010F000415254370A504331322055415254355FE2
:1011000054582055415254350A50443220205541FC
:101110005254355F52582055415254350A50443884
:1011200020205553415254335F5458205553415257
:1011300054330A50443920205553415254335F529E
:1011400058205553415254330A50453720206E41A0
:10115000524D4544204F5554505554204849474816
:101160000A50473420205644445F35565F5045525C
:101170004950485F454E204F5554505554204849DA
:1011800047480A50473130205644445F35565F483F
:1011900049504F5745525F454E204F555450555476
:1011A00020484947480A50453320204C45445F5267
:1011B0004544204F5554505554204C4F570A5045E4
:1011C0003420204C45445F414354495649545920EA
:1011D0004F5554505554204C4F570A5045352020F8
:1011E0004C45445F424F4F544C4F41444552204F71
:1011F0005554505554204C4F570A646566696E65C6
:101200002048414C5F4C45445F4F4E20300A646596
:1012100066696E652048414C5F5553455F454D50AA
:1012200054595F53544F5241474520310A64656613
:10123000696E652048414C5F53544F524147455FAA
:1012400053495A452031363338340A454E41424CD1
:10125000455F4446555F424F4F5420310000000027
:101260003C48544D4C3E0A203C484541443E0A20EF
:10127000203C5449544C453E41505F426F6F746C62
:101280006F616465723C2F5449544C453E0A203CC2
:101290002F484541443E0A0A203C736372697074CA
:1012A0003E0A20202066756E6374696F6E20647933
:1012B0006E616D69635F6C6F6164286469765F69F4
:1012C000642C207572692C20706572696F645F6D83
:1012D0007329207B0A202020202020207661722084
:1012E000786872203D206E657720584D4C487474A4
:1012F000705265717565737428293B0A202020207F
:101300002020207868722E6F70656E28274745541C
:10131000272C20757269293B0A20202020202020BC
:101320000A202020202020207868722E73657452B5
:1013300065717565737448656164657228224361DF
:101340006368652D436F6E74726F6C222C20226E61
:101350006F2D63616368652C206E6F2D73746F72DF
:10136000652C206D61782D6167653D3022293B0A2F
:10137000202020202020207868722E73657452650A
:10138000717565737448656164657228224578706B
:1013900069726573222C20225475652C203031200F
:1013A0004A616E203139383020313A30303A3030AD
:1013B00020474D5422293B0A20202020202020783D
:1013C00068722E73657452657175657374486561D2
:1013D0006465722822507261676D61222C20226E32
:1013E0006F2D636163686522293B0A20202020203D
:1013F00020200A202020202020207868722E6F6E66
:101400006C6F6164203D2066756E6374696F6E2039
:101410002829207B0A202020202020202020202076
:10142000696620287868722E737461747573203D24
:101430003D3D2032303029207B0A202020202020F2
:10144000202020202020202020766172206F7574BB
:10145000707574203D20646F63756D656E742E67C2
:101460006574456C656D656E74427949642864697C
:10147000765F6964293B0A2020202020202020203C
:10148000202020202020696620287572692E656E34
:1014900064735769746828272E7368746D6C2729E4
:1014A000207C7C207572692E656E64735769746840
:1014B00028272E68746D6C272929207B0A2020207C
:1014C000202020202020202020202020202020201C
:1014D0006F75747075742E696E6E657248544D4CDC
:1014E000203D207868722E726573706F6E7365543C
:1014F0006578743B0A2020202020202020202020F6
:10150000202020207D20656C7365207B0A20202010
:1015100020202020202020202020202020202020CB
:101520006F75747075742E74657874436F6E74651E
:101530006E74203D207868722E726573706F6E73C2
:1015400065546578743B0A2020202020202020202C
:101550002020202020207D0A202020202020202044
:101560002020207D0A202020202020202020202034
:1015700073657454696D656F75742866756E6374F0
:10158000696F6E2829207B2064796E616D69635FC5
:101590006C6F6164286469765F69642C7572692C6C
:1015A00020706572696F645F6D73293B207D2C200C
:1015B000706572696F645F6D73293B0A202020207B
:1015C0002020207D0A202020202020207868722ED4
:1015D00073656E6428293B0A2020207D0A203C2F59
:1015E0007363726970743E0A0A3C68313E5A6F64D4
:1015F00061204172647570696C6F7420426F6F7402
:101600006C6F616465723C2F68313E0A0A3C7461FC
:10161000626C653E0A20203C74723E3C74643E421B
:101620006F61726420547970653C2F74643E3C7421
:10163000643E7B424F4152445F4E414D457D3C2FBD
:1016400074643E3C2F74723E0A20203C74723E3C0F
:1016500074643E426F6172642049443C2F74643E5E
:101660003C74643E7B424F4152445F49447D3C2F71
:1016700074643E3C2F74723E0A20203C74723E3CDF
:1016800074643E466C6173682053697A653C2F74BC
:10169000643E3C74643E7B464C4153485F53495A18
:1016A000457D3C2F74643E3C2F74723E0A20203CE2
:1016B00074723E3C74643E426F6F746C6F6164651B
:1016C000722056233C2F74643E3C74643E56303086
:1016D000343C2F74643E3C2F74723E0A3C2F74617C
:1016E000626C653E0A0A3C68313E4669726D7761FC
:1016F0007265205570646174653C2F68313E0A0A3A
:101700003C666F726D20616374696F6E3D222220AA
:101710006D6574686F643D22706F73742220656E0E
:1017200063747970653D226D756C74697061727453
:101730002F666F726D2D64617461223E0A20203C19
:10174000696E70757420747970653D2266696C6588
:1017500022206E616D653D2266696C65546F55701F
:101760006C6F6164222069643D2266696C65546F08
:1017700055706C6F6164223E0A20203C696E707562
:101780007420747970653D227375626D69742220CE
:1017900076616C75653D2255706C6F616422206EB8
:1017A000616D653D227375626D6974223E0A202069
:1017B0003C696E70757420747970653D2262757431
:1017C000746F6E22206F6E636C69636B3D226C6F69
:1017D000636174696F6E2E687265663D272F52458E
:1017E000424F4F54273B222076616C75653D225253
:1017F00065626F6F7422202F3E0A3C2F666F726DF8
:101800003E0A0A3C68723E0A3C626F6479206F6E41
:101810006C6F61643D226A61766173637269707492
:101820003A2064796E616D69635F6C6F616428272B
:10183000626F6F746C6F616465725F7374617475ED
:1018400073272C272F626F6F746C6F616465725FF2
:101850007374617475732E68746D6C272C3130301D
:1018600029223E0A3C6469762069643D22626F6FDA
:10187000746C6F616465725F737461747573223E1A
:101880003C2F6469763E0A0A203C2F424F44593E61
:101890000A3C2F48544D4C3E0A000000080A01083B
:1018A0004908000048080000660AAD91140A0108C2
:1018B000780801083A060000390600004C854D8A78
:1018C000601201080000000000000000BDAC00082C
:1018D00081AC000849AC000891AC0008F5AC0008E8
:1018E00051AC0008B1AC000800000000000000008E
:1018F00061AC000879AC000851A8000855AC00089C
:101900004DA8000835AB00080800000018000000D2
:101910001000000010000000340000001000000063
:101920001001000020000000100000001000000066
:10193000100000009C0000002000000010000000CB
:101940002C00000040190108341901083819010859
:101950003C190108241901080C190108141901087F
:10196000181901082C190108301901080819010873
:1019700010190108281901081C190108201901086B
:1019800090190108941901088C1901080000000041
:101990000000000000000000000000000C0000003B
:1019A000690000000B0000007600000077000000D6
:1019B000160000000B00000070000000780000001E
:1019C0007F00000080000000FFFFFFFF71000000AB
:1019D00068000000800000000500000024010000F5
:1019E00060000000286E756C6C290000000000008B
:1019F00025C90008FDC80008ADC80008C9C800080E
:101A0000E5C800081000024008000240000802403B
:101A100000000B00280002400800024004080240B9
:101A200006010C0040000240080002400808024085
:101A300010020D0058000240080002400C0802404D
:101A400016030E00700002400C0002401008024015
:101A500000040F00880002400C00024014080240FD
:101A600006051000A00002400C00024018080240C9
:101A700010061100B80002400C0002401C08024091
:101A800016072F00100402400804024020080240FC
:101A900000083800280402400804024024080240DC
:101AA00006093900400402400804024028080240A8
:101AB000100A3A0058040240080402402C08024070
:101AC000160B3B00700402400C0402403008024038
:101AD000000C3C00880402400C0402403408024020
:101AE000060D4400A00402400C04024038080240E5
:101AF000100E4500B80402400C0402403C080240AD
:101B0000160F4600AA55133701100000009600007A
:101B100000000000000000000000000000000000C5
:101B200000000000000000003DDA000829DA00088B
:101B300065DA000851DA00085DDA000849DA0008C1
:101B400035DA000821DA000871DA00086330000095
:101B50004C1B01080000000000000000103E0020A7
:101B6000484000200001002000FF010002000000AA
:101B70000000003000000400080000000000002405
:101B800000000800040000000004000000FC000049
:101B90000200000000000430008000000800000087
:101BA00000000038000001000100000069646C655D
:101BB000000000006D61696E002C063804044008C6
:101BC0000C10141C202425260000000000006404D2
:101BD0000100040000000000000C00102830340058
:101BE0002880002800000000AAAAAAAA0000002459
:101BF000FFFF0000B00B00B00000000000008000FC
:101C000000000000AAAAAAAA00000000FFFF00002E
:101C10000000000000B00000080A00020000000000
:101C2000AAAAAAAA00000001FFFF0000B000BB00A2
:101C30000000080020000A4000000000AAAAAAAA8A
:101C400010000540FFFF00000008000077000000C2
:101C50004045020000000000AAAAAAAA0000010054
:101C6000C7FF000000000000070000000020000087
:101C700000000000AAAAAAAA00100000FFFF0000AE
:101C800000000007000000001041104A00000000A2
:101C9000AAAAAAAA10400000FFFF0000000000004E
:101CA0000000BB000004000000000000AAAAAAAACD
:101CB00000040000FFFF0000000000000000000022
:101CC0000000040000000000AAAAAAAA0000040064
:101CD000FFFF000000000000000000000000000006
:101CE00000000000AAAAAAAA00000000FFFF00004E
:101CF00000000000000000000000000000000000E4
:101D0000AAAAAAAA00000000FFFF0000000000002D
:101D10000000000000202020202020202020282853
:101D2000282828202020202020202020202020209B
:101D300020202020208810101010101010101010DB
:101D4000101010101004040404040404040404100B
:101D50001010101010104141414141410101010199
:101D60000101010101010101010101010101010163
:101D7000101010101010424242424242020202026F
:101D80000202020202020202020202020202020233
:101D900010101010200000000000000000000000E3
:101DA0000000000000000000000000000000000033
:101DB0000000000000000000000000000000000023
:101DC0000000000000000000000000000000000013
:101DD0000000000000000000000000000000000003
:101DE00000000000000000000000000000000000F3
:101DF00000000000000000000000000000000000E3
:101E000000000000000000000000000000000000D2
:101E100000000000000000005C2300205245454EF9
:101E200054206D616C6C6F632073756363656564CA
:101E30006564002F746D702F6A656E6B696E732D0B
:101E40004743432D31302D706970656C696E652D87
:101E500034385F32303230313132345F31363036FF
:101E60003138303633392F7372632F6E65776C6972
:101E7000622F6E65776C69622F6C6962632F737471
:101E8000646C69622F72616E642E63002C2066752B
:101E90006E6374696F6E3A20006173736572746962
:101EA0006F6E2022257322206661696C65643A207A
:101EB00066696C6520222573222C206C696E652072
:101EC0002564257325730A00232D302B2000686CB0
:101ED0004C006566674546470000000030313233EC
:101EE0003435363738394142434445460030313283
:101EF0003334353637383961626364656600000013
:101F000000000000000000000000000000000000D1
:101F100000000000000000000000000000000000C1
:101F200000000000000000000000000000000000B1
:101F300000000000000000000000000000000000A1
:101F40000000000000000000000000000000000091
:101F50000000000000000000000000000000000081
:101F6000581B00000000000000001E0000000000E0
:101F7000CC080108D7080108E3080108EC080108AB
:101F8000F1080108FC080108FF0000002C310020C6
:101F9000C83000206430002000000000040901085F
:101FA000830400000F090108500400001D09010806
:101FB0006E19000000C000C05C230020000000007B
:101FC000201F0108401F0108001F01080000000039
:101FD0000000000000000000000000000000000001
:101FE00000000000000000000000000000000000F1
:101FF00000000000000000000000000000000000E1
:1020000000000000000000000000000000000000D0
:0C201000000000000000000000000000C4
:00000001FF
